codigo,tipo,diametro,paso,largo,grado,sistema,precio_unitario,proveedor,descripcion
codigo,otro,,,,,metrico,precio_unitario,proveedor,descripcion
AC3X6,allen,3,0.50,6,12.9,metrico,41.73,trusoni,"TORNILLO ALLEN CAB. CILINDRICA CALIDAD 12.9 DIN 912 Cil 3 x 0,50 x 6 12.9"
AC3X8,allen,3,0.50,8,12.9,metrico,42.8,trusoni,"TORNILLO ALLEN CAB. CILINDRICA CALIDAD 12.9 DIN 912 Cil 3 x 0,50 x 8 12.9"
AC3X10,allen,3,0.50,10,12.9,metrico,44.94,trusoni,"TORNILLO ALLEN CAB. CILINDRICA CALIDAD 12.9 DIN 912 Cil 3 x 0,50 x 10 12.9"
AC3X12,allen,3,0.50,12,12.9,metrico,46.01,trusoni,"TORNILLO ALLEN CAB. CILINDRICA CALIDAD 12.9 DIN 912 Cil 3 x 0,50 x 12 12.9"
AC3X16,allen,3,0.50,16,12.9,metrico,50.29,trusoni,"TORNILLO ALLEN CAB. CILINDRICA CALIDAD 12.9 DIN 912 Cil 3 x 0,50 x 16 12.9"
AC3X20,allen,3,0.50,20,12.9,metrico,51.36,trusoni,"TORNILLO ALLEN CAB. CILINDRICA CALIDAD 12.9 DIN 912 Cil 3 x 0,50 x 20 12.9"
AC3X25,allen,3,0.50,25,12.9,metrico,58.85,trusoni,"TORNILLO ALLEN CAB. CILINDRICA CALIDAD 12.9 DIN 912 Cil 3 x 0,50 x 25 12.9"
AC3X30,allen,3,0.50,30,12.9,metrico,85.6,trusoni,"TORNILLO ALLEN CAB. CILINDRICA CALIDAD 12.9 DIN 912 Cil 3 x 0,50 x 30 12.9"
AC3X35,allen,3,0.50,35,12.9,metrico,115.56,trusoni,"TORNILLO ALLEN CAB. CILINDRICA CALIDAD 12.9 DIN 912 Cil 3 x 0,50 x 35 12.9"
AC3X40,allen,3,0.50,40,12.9,metrico,144.45,trusoni,"TORNILLO ALLEN CAB. CILINDRICA CALIDAD 12.9 DIN 912 Cil 3 x 0,50 x 40 12.9"
AC3X50,allen,3,0.50,50,12.9,metrico,201.16,trusoni,"TORNILLO ALLEN CAB. CILINDRICA CALIDAD 12.9 DIN 912 Cil 3 x 0,50 x 50 12.9"
AC4X6,allen,4,0.70,6,12.9,metrico,42.8,trusoni,"TORNILLO ALLEN CAB. CILINDRICA CALIDAD 12.9 DIN 912 Cil 4 x 0,70 x 6 12.9"
AC4X8,allen,4,0.70,8,12.9,metrico,43.87,trusoni,"TORNILLO ALLEN CAB. CILINDRICA CALIDAD 12.9 DIN 912 Cil 4 x 0,70 x 8 12.9"
AC4X10,allen,4,0.70,10,12.9,metrico,46.01,trusoni,"TORNILLO ALLEN CAB. CILINDRICA CALIDAD 12.9 DIN 912 Cil 4 x 0,70 x 10 12.9"
AC4X12,allen,4,0.70,12,12.9,metrico,50.29,trusoni,"TORNILLO ALLEN CAB. CILINDRICA CALIDAD 12.9 DIN 912 Cil 4 x 0,70 x 12 12.9"
AC4X16,allen,4,0.70,16,12.9,metrico,54.57,trusoni,"TORNILLO ALLEN CAB. CILINDRICA CALIDAD 12.9 DIN 912 Cil 4 x 0,70 x 16 12.9"
AC4X20,allen,4,0.70,20,12.9,metrico,57.78,trusoni,"TORNILLO ALLEN CAB. CILINDRICA CALIDAD 12.9 DIN 912 Cil 4 x 0,70 x 20 12.9"
AC4X25,allen,4,0.70,25,12.9,metrico,60.99,trusoni,"TORNILLO ALLEN CAB. CILINDRICA CALIDAD 12.9 DIN 912 Cil 4 x 0,70 x 25 12.9"
AC4X30,allen,4,0.70,30,12.9,metrico,78.11,trusoni,"TORNILLO ALLEN CAB. CILINDRICA CALIDAD 12.9 DIN 912 Cil 4 x 0,70 x 30 12.9"
AC4X35,allen,4,0.70,35,12.9,metrico,98.44,trusoni,"TORNILLO ALLEN CAB. CILINDRICA CALIDAD 12.9 DIN 912 Cil 4 x 0,70 x 35 12.9"
AC4X40,allen,4,0.70,40,12.9,metrico,109.14,trusoni,"TORNILLO ALLEN CAB. CILINDRICA CALIDAD 12.9 DIN 912 Cil 4 x 0,70 x 40 12.9"
AC4X50,allen,4,0.70,50,12.9,metrico,135.89,trusoni,"TORNILLO ALLEN CAB. CILINDRICA CALIDAD 12.9 DIN 912 Cil 4 x 0,70 x 50 12.9"
AC5X8,allen,5,0.80,8,12.9,metrico,55.64,trusoni,"TORNILLO ALLEN CAB. CILINDRICA CALIDAD 12.9 DIN 912 Cil 5 x 0,80 x 8 12.9"
AC5X10,allen,5,0.80,10,12.9,metrico,57.78,trusoni,"TORNILLO ALLEN CAB. CILINDRICA CALIDAD 12.9 DIN 912 Cil 5 x 0,80 x 10 12.9"
AC5X12,allen,5,0.80,12,12.9,metrico,62.06,trusoni,"TORNILLO ALLEN CAB. CILINDRICA CALIDAD 12.9 DIN 912 Cil 5 x 0,80 x 12 12.9"
AC5X16,allen,5,0.80,16,12.9,metrico,67.41,trusoni,"TORNILLO ALLEN CAB. CILINDRICA CALIDAD 12.9 DIN 912 Cil 5 x 0,80 x 16 12.9"
AC5X20,allen,5,0.80,20,12.9,metrico,70.62,trusoni,"TORNILLO ALLEN CAB. CILINDRICA CALIDAD 12.9 DIN 912 Cil 5 x 0,80 x 20 12.9"
AC5X25,allen,5,0.80,25,12.9,metrico,83.46,trusoni,"TORNILLO ALLEN CAB. CILINDRICA CALIDAD 12.9 DIN 912 Cil 5 x 0,80 x 25 12.9"
AC5X30,allen,5,0.80,30,12.9,metrico,89.88,trusoni,"TORNILLO ALLEN CAB. CILINDRICA CALIDAD 12.9 DIN 912 Cil 5 x 0,80 x 30 12.9"
AC5X35,allen,5,0.80,35,12.9,metrico,107.0,trusoni,"TORNILLO ALLEN CAB. CILINDRICA CALIDAD 12.9 DIN 912 Cil 5 x 0,80 x 35 12.9"
AC5X40,allen,5,0.80,40,12.9,metrico,115.56,trusoni,"TORNILLO ALLEN CAB. CILINDRICA CALIDAD 12.9 DIN 912 Cil 5 x 0,80 x 40 12.9"
AC5X45,allen,5,0.80,45,12.9,metrico,150.87,trusoni,"TORNILLO ALLEN CAB. CILINDRICA CALIDAD 12.9 DIN 912 Cil 5 x 0,80 x 45 12.9"
AC5X50,allen,5,0.80,50,12.9,metrico,153.01,trusoni,"TORNILLO ALLEN CAB. CILINDRICA CALIDAD 12.9 DIN 912 Cil 5 x 0,80 x 50 12.9"
AC5x55,allen,5,0.80,55,12.9,metrico,177.62,trusoni,"TORNILLO ALLEN CAB. CILINDRICA CALIDAD 12.9 DIN 912 Cil 5 x 0,80 x 55 12.9"
AC5X60,allen,5,0.80,60,12.9,metrico,196.88,trusoni,"TORNILLO ALLEN CAB. CILINDRICA CALIDAD 12.9 DIN 912 Cil 5 x 0,80 x 60 12.9"
AC5X70,allen,5,0.80,70,12.9,metrico,292.11,trusoni,"TORNILLO ALLEN CAB. CILINDRICA CALIDAD 12.9 DIN 912 Cil 5 x 0,80 x 70 12.9"
AC5X80,allen,5,0.80,80,12.9,metrico,329.56,trusoni,"TORNILLO ALLEN CAB. CILINDRICA CALIDAD 12.9 DIN 912 Cil 5 x 0,80 x 80 12.9"
AC5X90,allen,5,0.80,90,12.9,metrico,492.2,trusoni,"TORNILLO ALLEN CAB. CILINDRICA CALIDAD 12.9 DIN 912 Cil 5 x 0,80 x 90 12.9"
AC5X100,allen,5,0.80,100,12.9,metrico,577.8,trusoni,"TORNILLO ALLEN CAB. CILINDRICA CALIDAD 12.9 DIN 912 Cil 5 x 0,80 x 100 12.9"
AC6X10,allen,6,1.00,10,12.9,metrico,72.76,trusoni,"TORNILLO ALLEN CAB. CILINDRICA CALIDAD 12.9 DIN 912 Cil 6 x 1,00 x 10 12.9"
AC6X12,allen,6,1.00,12,12.9,metrico,74.9,trusoni,"TORNILLO ALLEN CAB. CILINDRICA CALIDAD 12.9 DIN 912 Cil 6 x 1,00 x 12 12.9"
AC6X16,allen,6,1.00,16,12.9,metrico,81.32,trusoni,"TORNILLO ALLEN CAB. CILINDRICA CALIDAD 12.9 DIN 912 Cil 6 x 1,00 x 16 12.9"
AC6X20,allen,6,1.00,20,12.9,metrico,88.81,trusoni,"TORNILLO ALLEN CAB. CILINDRICA CALIDAD 12.9 DIN 912 Cil 6 x 1,00 x 20 12.9"
AC6X25,allen,6,1.00,25,12.9,metrico,104.86,trusoni,"TORNILLO ALLEN CAB. CILINDRICA CALIDAD 12.9 DIN 912 Cil 6 x 1,00 x 25 12.9"
AC6X30,allen,6,1.00,30,12.9,metrico,127.33,trusoni,"TORNILLO ALLEN CAB. CILINDRICA CALIDAD 12.9 DIN 912 Cil 6 x 1,00 x 30 12.9"
AC6X35,allen,6,1.00,35,12.9,metrico,142.31,trusoni,"TORNILLO ALLEN CAB. CILINDRICA CALIDAD 12.9 DIN 912 Cil 6 x 1,00 x 35 12.9"
AC6X40,allen,6,1.00,40,12.9,metrico,153.01,trusoni,"TORNILLO ALLEN CAB. CILINDRICA CALIDAD 12.9 DIN 912 Cil 6 x 1,00 x 40 12.9"
AC6X45,allen,6,1.00,45,12.9,metrico,176.55,trusoni,"TORNILLO ALLEN CAB. CILINDRICA CALIDAD 12.9 DIN 912 Cil 6 x 1,00 x 45 12.9"
AC6X50,allen,6,1.00,50,12.9,metrico,188.32,trusoni,"TORNILLO ALLEN CAB. CILINDRICA CALIDAD 12.9 DIN 912 Cil 6 x 1,00 x 50 12.9"
AC6X55,allen,6,1.00,55,12.9,metrico,202.23,trusoni,"TORNILLO ALLEN CAB. CILINDRICA CALIDAD 12.9 DIN 912 Cil 6 x 1,00 x 55 12.9"
AC6X60,allen,6,1.00,60,12.9,metrico,216.14,trusoni,"TORNILLO ALLEN CAB. CILINDRICA CALIDAD 12.9 DIN 912 Cil 6 x 1,00 x 60 12.9"
AC6X70,allen,6,1.00,70,12.9,metrico,256.8,trusoni,"TORNILLO ALLEN CAB. CILINDRICA CALIDAD 12.9 DIN 912 Cil 6 x 1,00 x 70 12.9"
AC6X80,allen,6,1.00,80,12.9,metrico,349.89,trusoni,"TORNILLO ALLEN CAB. CILINDRICA CALIDAD 12.9 DIN 912 Cil 6 x 1,00 x 80 12.9"
AC6X90,allen,6,1.00,90,12.9,metrico,463.31,trusoni,"TORNILLO ALLEN CAB. CILINDRICA CALIDAD 12.9 DIN 912 Cil 6 x 1,00 x 90 12.9"
AC6X100,allen,6,1.00,100,12.9,metrico,538.21,trusoni,"TORNILLO ALLEN CAB. CILINDRICA CALIDAD 12.9 DIN 912 Cil 6 x 1,00 x 100 12.9"
AC6X110,allen,6,1.00,110,12.9,metrico,811.06,trusoni,"TORNILLO ALLEN CAB. CILINDRICA CALIDAD 12.9 DIN 912 Cil 6 x 1,00 x 110 12.9"
AC6X120,allen,6,1.00,120,12.9,metrico,952.3,trusoni,"TORNILLO ALLEN CAB. CILINDRICA CALIDAD 12.9 DIN 912 Cil 6 x 1,00 x 120 12.9"
AC6X130,allen,6,1.00,130,12.9,metrico,1070.0,trusoni,"TORNILLO ALLEN CAB. CILINDRICA CALIDAD 12.9 DIN 912 Cil 6 x 1,00 x 130 12.9"
AC6X140,allen,6,1.00,140,12.9,metrico,1155.6,trusoni,"TORNILLO ALLEN CAB. CILINDRICA CALIDAD 12.9 DIN 912 Cil 6 x 1,00 x 140 12.9"
AC6X150,allen,6,1.00,150,12.9,metrico,1444.5,trusoni,"TORNILLO ALLEN CAB. CILINDRICA CALIDAD 12.9 DIN 912 Cil 6 x 1,00 x 150 12.9"
AC8X10,allen,8,1.25,10,12.9,metrico,147.66,trusoni,"TORNILLO ALLEN CAB. CILINDRICA CALIDAD 12.9 DIN 912 Cil 8 x 1,25 x 10 12.9"
AC8X12,allen,8,1.25,12,12.9,metrico,162.64,trusoni,"TORNILLO ALLEN CAB. CILINDRICA CALIDAD 12.9 DIN 912 Cil 8 x 1,25 x 12 12.9"
AC8X16,allen,8,1.25,16,12.9,metrico,171.2,trusoni,"TORNILLO ALLEN CAB. CILINDRICA CALIDAD 12.9 DIN 912 Cil 8 x 1,25 x 16 12.9"
AC8X180,allen,8,1.25,18,12.9,metrico,174.41,trusoni,"TORNILLO ALLEN CAB. CILINDRICA CALIDAD 12.9 DIN 912 Cil 8 x 1,25 x 18 12.9"
AC8X20,allen,8,1.25,20,12.9,metrico,176.55,trusoni,"TORNILLO ALLEN CAB. CILINDRICA CALIDAD 12.9 DIN 912 Cil 8 x 1,25 x 20 12.9"
AC8X25,allen,8,1.25,25,12.9,metrico,200.09,trusoni,"TORNILLO ALLEN CAB. CILINDRICA CALIDAD 12.9 DIN 912 Cil 8 x 1,25 x 25 12.9"
AC8X30,allen,8,1.25,30,12.9,metrico,237.54,trusoni,"TORNILLO ALLEN CAB. CILINDRICA CALIDAD 12.9 DIN 912 Cil 8 x 1,25 x 30 12.9"
AC8X35,allen,8,1.25,35,12.9,metrico,267.5,trusoni,"TORNILLO ALLEN CAB. CILINDRICA CALIDAD 12.9 DIN 912 Cil 8 x 1,25 x 35 12.9"
AC8X40,allen,8,1.25,40,12.9,metrico,294.25,trusoni,"TORNILLO ALLEN CAB. CILINDRICA CALIDAD 12.9 DIN 912 Cil 8 x 1,25 x 40 12.9"
AC8X45,allen,8,1.25,45,12.9,metrico,304.95,trusoni,"TORNILLO ALLEN CAB. CILINDRICA CALIDAD 12.9 DIN 912 Cil 8 x 1,25 x 45 12.9"
AC8X50,allen,8,1.25,50,12.9,metrico,317.79,trusoni,"TORNILLO ALLEN CAB. CILINDRICA CALIDAD 12.9 DIN 912 Cil 8 x 1,25 x 50 12.9"
AC8X55,allen,8,1.25,55,12.9,metrico,376.64,trusoni,"TORNILLO ALLEN CAB. CILINDRICA CALIDAD 12.9 DIN 912 Cil 8 x 1,25 x 55 12.9"
AC8X60,allen,8,1.25,60,12.9,metrico,416.23,trusoni,"TORNILLO ALLEN CAB. CILINDRICA CALIDAD 12.9 DIN 912 Cil 8 x 1,25 x 60 12.9"
AC8X70,allen,8,1.25,70,12.9,metrico,448.33,trusoni,"TORNILLO ALLEN CAB. CILINDRICA CALIDAD 12.9 DIN 912 Cil 8 x 1,25 x 70 12.9"
AC8X80,allen,8,1.25,80,12.9,metrico,526.44,trusoni,"TORNILLO ALLEN CAB. CILINDRICA CALIDAD 12.9 DIN 912 Cil 8 x 1,25 x 80 12.9"
AC8X90,allen,8,1.25,90,12.9,metrico,598.13,trusoni,"TORNILLO ALLEN CAB. CILINDRICA CALIDAD 12.9 DIN 912 Cil 8 x 1,25 x 90 12.9"
AC8X100,allen,8,1.25,100,12.9,metrico,795.01,trusoni,"TORNILLO ALLEN CAB. CILINDRICA CALIDAD 12.9 DIN 912 Cil 8 x 1,25 x 100 12.9"
AC8X110,allen,8,1.25,110,12.9,metrico,852.79,trusoni,"TORNILLO ALLEN CAB. CILINDRICA CALIDAD 12.9 DIN 912 Cil 8 x 1,25 x 110 12.9"
AC8X120,allen,8,1.25,120,12.9,metrico,924.48,trusoni,"TORNILLO ALLEN CAB. CILINDRICA CALIDAD 12.9 DIN 912 Cil 8 x 1,25 x 120 12.9"
AC8X130,allen,8,1.25,130,12.9,metrico,953.37,trusoni,"TORNILLO ALLEN CAB. CILINDRICA CALIDAD 12.9 DIN 912 Cil 8 x 1,25 x 130 12.9"
AC8X140,allen,8,1.25,140,12.9,metrico,1041.11,trusoni,"TORNILLO ALLEN CAB. CILINDRICA CALIDAD 12.9 DIN 912 Cil 8 x 1,25 x 140 12.9"
AC8X150,allen,8,1.25,150,12.9,metrico,1444.5,trusoni,"TORNILLO ALLEN CAB. CILINDRICA CALIDAD 12.9 DIN 912 Cil 8 x 1,25 x 150 12.9"
AC8X160,allen,8,1.25,160,12.9,metrico,2022.3,trusoni,"TORNILLO ALLEN CAB. CILINDRICA CALIDAD 12.9 DIN 912 Cil 8 x 1,25 x 160 12.9"
AC8X170,allen,8,1.25,170,12.9,metrico,2311.2,trusoni,"TORNILLO ALLEN CAB. CILINDRICA CALIDAD 12.9 DIN 912 Cil 8 x 1,25 x 170 12.9"
AC8X180,allen,8,1.25,180,12.9,metrico,2600.1,trusoni,"TORNILLO ALLEN CAB. CILINDRICA CALIDAD 12.9 DIN 912 Cil 8 x 1,25 x 180 12.9"
AC8X200,allen,8,1.25,200,12.9,metrico,3210.0,trusoni,"TORNILLO ALLEN CAB. CILINDRICA CALIDAD 12.9 DIN 912 Cil 8 x 1,25 x 200 12.9"
AC10X16,allen,10,1.50,16,12.9,metrico,303.88,trusoni,"TORNILLO ALLEN CAB. CILINDRICA CALIDAD 12.9 DIN 912 Cil 10 x 1,50 x 16 12.9"
AC10X20,allen,10,1.50,20,12.9,metrico,307.09,trusoni,"TORNILLO ALLEN CAB. CILINDRICA CALIDAD 12.9 DIN 912 Cil 10 x 1,50 x 20 12.9"
AC10X25,allen,10,1.50,25,12.9,metrico,312.44,trusoni,"TORNILLO ALLEN CAB. CILINDRICA CALIDAD 12.9 DIN 912 Cil 10 x 1,50 x 25 12.9"
AC10X30,allen,10,1.50,30,12.9,metrico,329.56,trusoni,"TORNILLO ALLEN CAB. CILINDRICA CALIDAD 12.9 DIN 912 Cil 10 x 1,50 x 30 12.9"
AC10X35,allen,10,1.50,35,12.9,metrico,363.8,trusoni,"TORNILLO ALLEN CAB. CILINDRICA CALIDAD 12.9 DIN 912 Cil 10 x 1,50 x 35 12.9"
AC10X40,allen,10,1.50,40,12.9,metrico,437.63,trusoni,"TORNILLO ALLEN CAB. CILINDRICA CALIDAD 12.9 DIN 912 Cil 10 x 1,50 x 40 12.9"
AC10X45,allen,10,1.50,45,12.9,metrico,462.24,trusoni,"TORNILLO ALLEN CAB. CILINDRICA CALIDAD 12.9 DIN 912 Cil 10 x 1,50 x 45 12.9"
AC10X50,allen,10,1.50,50,12.9,metrico,485.78,trusoni,"TORNILLO ALLEN CAB. CILINDRICA CALIDAD 12.9 DIN 912 Cil 10 x 1,50 x 50 12.9"
AC10X60,allen,10,1.50,60,12.9,metrico,548.91,trusoni,"TORNILLO ALLEN CAB. CILINDRICA CALIDAD 12.9 DIN 912 Cil 10 x 1,50 x 60 12.9"
AC10X70,allen,10,1.50,70,12.9,metrico,677.31,trusoni,"TORNILLO ALLEN CAB. CILINDRICA CALIDAD 12.9 DIN 912 Cil 10 x 1,50 x 70 12.9"
AC10X80,allen,10,1.50,80,12.9,metrico,832.46,trusoni,"TORNILLO ALLEN CAB. CILINDRICA CALIDAD 12.9 DIN 912 Cil 10 x 1,50 x 80 12.9"
AC10X90,allen,10,1.50,90,12.9,metrico,924.48,trusoni,"TORNILLO ALLEN CAB. CILINDRICA CALIDAD 12.9 DIN 912 Cil 10 x 1,50 x 90 12.9"
AC10X100,allen,10,1.50,100,12.9,metrico,963.0,trusoni,"TORNILLO ALLEN CAB. CILINDRICA CALIDAD 12.9 DIN 912 Cil 10 x 1,50 x 100 12.9"
AC10X110,allen,10,1.50,110,12.9,metrico,1091.4,trusoni,"TORNILLO ALLEN CAB. CILINDRICA CALIDAD 12.9 DIN 912 Cil 10 x 1,50 x 110 12.9"
AC10X120,allen,10,1.50,120,12.9,metrico,1308.61,trusoni,"TORNILLO ALLEN CAB. CILINDRICA CALIDAD 12.9 DIN 912 Cil 10 x 1,50 x 120 12.9"
AC10X130,allen,10,1.50,130,12.9,metrico,1444.5,trusoni,"TORNILLO ALLEN CAB. CILINDRICA CALIDAD 12.9 DIN 912 Cil 10 x 1,50 x 130 12.9"
AC10X140,allen,10,1.50,140,12.9,metrico,1674.55,trusoni,"TORNILLO ALLEN CAB. CILINDRICA CALIDAD 12.9 DIN 912 Cil 10 x 1,50 x 140 12.9"
AC10X150,allen,10,1.50,150,12.9,metrico,2022.3,trusoni,"TORNILLO ALLEN CAB. CILINDRICA CALIDAD 12.9 DIN 912 Cil 10 x 1,50 x 150 12.9"
AC10X160,allen,10,1.50,160,12.9,metrico,2600.1,trusoni,"TORNILLO ALLEN CAB. CILINDRICA CALIDAD 12.9 DIN 912 Cil 10 x 1,50 x 160 12.9"
AC10X180,allen,10,1.50,180,12.9,metrico,3033.45,trusoni,"TORNILLO ALLEN CAB. CILINDRICA CALIDAD 12.9 DIN 912 Cil 10 x 1,50 x 180 12.9"
AC10X200,allen,10,1.50,200,12.9,metrico,3466.8,trusoni,"TORNILLO ALLEN CAB. CILINDRICA CALIDAD 12.9 DIN 912 Cil 10 x 1,50 x 200 12.9"
AC12X20,allen,12,1.75,20,12.9,metrico,452.61,trusoni,"TORNILLO ALLEN CAB. CILINDRICA CALIDAD 12.9 DIN 912 Cil 12 x 1,75 x 20 12.9"
AC12X25,allen,12,1.75,25,12.9,metrico,453.68,trusoni,"TORNILLO ALLEN CAB. CILINDRICA CALIDAD 12.9 DIN 912 Cil 12 x 1,75 x 25 12.9"
AC12X30,allen,12,1.75,30,12.9,metrico,508.25,trusoni,"TORNILLO ALLEN CAB. CILINDRICA CALIDAD 12.9 DIN 912 Cil 12 x 1,75 x 30 12.9"
AC12X35,allen,12,1.75,35,12.9,metrico,548.91,trusoni,"TORNILLO ALLEN CAB. CILINDRICA CALIDAD 12.9 DIN 912 Cil 12 x 1,75 x 35 12.9"
AC12X40,allen,12,1.75,40,12.9,metrico,591.71,trusoni,"TORNILLO ALLEN CAB. CILINDRICA CALIDAD 12.9 DIN 912 Cil 12 x 1,75 x 40 12.9"
AC12X45,allen,12,1.75,45,12.9,metrico,631.3,trusoni,"TORNILLO ALLEN CAB. CILINDRICA CALIDAD 12.9 DIN 912 Cil 12 x 1,75 x 45 12.9"
AC12X50,allen,12,1.75,50,12.9,metrico,674.1,trusoni,"TORNILLO ALLEN CAB. CILINDRICA CALIDAD 12.9 DIN 912 Cil 12 x 1,75 x 50 12.9"
AC12X60,allen,12,1.75,60,12.9,metrico,807.85,trusoni,"TORNILLO ALLEN CAB. CILINDRICA CALIDAD 12.9 DIN 912 Cil 12 x 1,75 x 60 12.9"
AC12X70,allen,12,1.75,70,12.9,metrico,928.76,trusoni,"TORNILLO ALLEN CAB. CILINDRICA CALIDAD 12.9 DIN 912 Cil 12 x 1,75 x 70 12.9"
AC12X80,allen,12,1.75,80,12.9,metrico,982.26,trusoni,"TORNILLO ALLEN CAB. CILINDRICA CALIDAD 12.9 DIN 912 Cil 12 x 1,75 x 80 12.9"
AC12X90,allen,12,1.75,90,12.9,metrico,1089.26,trusoni,"TORNILLO ALLEN CAB. CILINDRICA CALIDAD 12.9 DIN 912 Cil 12 x 1,75 x 90 12.9"
AC12X100,allen,12,1.75,100,12.9,metrico,1193.05,trusoni,"TORNILLO ALLEN CAB. CILINDRICA CALIDAD 12.9 DIN 912 Cil 12 x 1,75 x 100 12.9"
AC12X110,allen,12,1.75,110,12.9,metrico,1498.0,trusoni,"TORNILLO ALLEN CAB. CILINDRICA CALIDAD 12.9 DIN 912 Cil 12 x 1,75 x 110 12.9"
AC12X120,allen,12,1.75,120,12.9,metrico,1704.51,trusoni,"TORNILLO ALLEN CAB. CILINDRICA CALIDAD 12.9 DIN 912 Cil 12 x 1,75 x 120 12.9"
AC12X130,allen,12,1.75,130,12.9,metrico,1733.4,trusoni,"TORNILLO ALLEN CAB. CILINDRICA CALIDAD 12.9 DIN 912 Cil 12 x 1,75 x 130 12.9"
AC12X140,allen,12,1.75,140,12.9,metrico,1993.41,trusoni,"TORNILLO ALLEN CAB. CILINDRICA CALIDAD 12.9 DIN 912 Cil 12 x 1,75 x 140 12.9"
AC12X150,allen,12,1.75,150,12.9,metrico,2137.86,trusoni,"TORNILLO ALLEN CAB. CILINDRICA CALIDAD 12.9 DIN 912 Cil 12 x 1,75 x 150 12.9"
AC12X160,allen,12,1.75,160,12.9,metrico,3177.9,trusoni,"TORNILLO ALLEN CAB. CILINDRICA CALIDAD 12.9 DIN 912 Cil 12 x 1,75 x 160 12.9"
AC12X180,allen,12,1.75,180,12.9,metrico,3466.8,trusoni,"TORNILLO ALLEN CAB. CILINDRICA CALIDAD 12.9 DIN 912 Cil 12 x 1,75 x 180 12.9"
AC12X200,allen,12,1.75,200,12.9,metrico,4622.4,trusoni,"TORNILLO ALLEN CAB. CILINDRICA CALIDAD 12.9 DIN 912 Cil 12 x 1,75 x 200 12.9"
AC14X30,allen,14,2.00,30,12.9,metrico,895.59,trusoni,"TORNILLO ALLEN CAB. CILINDRICA CALIDAD 12.9 DIN 912 Cil 14 x 2,00 x 30 12.9"
AC14X35,allen,14,2.00,35,12.9,metrico,953.37,trusoni,"TORNILLO ALLEN CAB. CILINDRICA CALIDAD 12.9 DIN 912 Cil 14 x 2,00 x 35 12.9"
AC14X40,allen,14,2.00,40,12.9,metrico,1097.82,trusoni,"TORNILLO ALLEN CAB. CILINDRICA CALIDAD 12.9 DIN 912 Cil 14 x 2,00 x 40 12.9"
AC14X45,allen,14,2.00,45,12.9,metrico,1155.6,trusoni,"TORNILLO ALLEN CAB. CILINDRICA CALIDAD 12.9 DIN 912 Cil 14 x 2,00 x 45 12.9"
AC14X50,allen,14,2.00,50,12.9,metrico,1328.94,trusoni,"TORNILLO ALLEN CAB. CILINDRICA CALIDAD 12.9 DIN 912 Cil 14 x 2,00 x 50 12.9"
AC14X60,allen,14,2.00,60,12.9,metrico,1415.61,trusoni,"TORNILLO ALLEN CAB. CILINDRICA CALIDAD 12.9 DIN 912 Cil 14 x 2,00 x 60 12.9"
AC14X70,allen,14,2.00,70,12.9,metrico,1473.39,trusoni,"TORNILLO ALLEN CAB. CILINDRICA CALIDAD 12.9 DIN 912 Cil 14 x 2,00 x 70 12.9"
AC14X80,allen,14,2.00,80,12.9,metrico,1531.17,trusoni,"TORNILLO ALLEN CAB. CILINDRICA CALIDAD 12.9 DIN 912 Cil 14 x 2,00 x 80 12.9"
AC14X90,allen,14,2.00,90,12.9,metrico,1713.07,trusoni,"TORNILLO ALLEN CAB. CILINDRICA CALIDAD 12.9 DIN 912 Cil 14 x 2,00 x 90 12.9"
AC14X100,allen,14,2.00,100,12.9,metrico,1858.89,trusoni,"TORNILLO ALLEN CAB. CILINDRICA CALIDAD 12.9 DIN 912 Cil 14 x 2,00 x 100 12.9"
AC14X110,allen,14,2.00,110,12.9,metrico,1964.52,trusoni,"TORNILLO ALLEN CAB. CILINDRICA CALIDAD 12.9 DIN 912 Cil 14 x 2,00 x 110 12.9"
AC14X120,allen,14,2.00,120,12.9,metrico,2049.05,trusoni,"TORNILLO ALLEN CAB. CILINDRICA CALIDAD 12.9 DIN 912 Cil 14 x 2,00 x 120 12.9"
AC14X130,allen,14,2.00,130,12.9,metrico,2311.2,trusoni,"TORNILLO ALLEN CAB. CILINDRICA CALIDAD 12.9 DIN 912 Cil 14 x 2,00 x 130 12.9"
AC14X140,allen,14,2.00,140,12.9,metrico,2600.1,trusoni,"TORNILLO ALLEN CAB. CILINDRICA CALIDAD 12.9 DIN 912 Cil 14 x 2,00 x 140 12.9"
AC14X150,allen,14,2.00,150,12.9,metrico,2889.0,trusoni,"TORNILLO ALLEN CAB. CILINDRICA CALIDAD 12.9 DIN 912 Cil 14 x 2,00 x 150 12.9"
AC14X160,allen,14,2.00,160,12.9,metrico,4333.5,trusoni,"TORNILLO ALLEN CAB. CILINDRICA CALIDAD 12.9 DIN 912 Cil 14 x 2,00 x 160 12.9"
AC14X180,allen,14,2.00,180,12.9,metrico,5200.2,trusoni,"TORNILLO ALLEN CAB. CILINDRICA CALIDAD 12.9 DIN 912 Cil 14 x 2,00 x 180 12.9"
AC14X200,allen,14,2.00,200,12.9,metrico,6644.7,trusoni,"TORNILLO ALLEN CAB. CILINDRICA CALIDAD 12.9 DIN 912 Cil 14 x 2,00 x 200 12.9"
AC14X250,allen,14,2.00,250,12.9,metrico,14156.1,trusoni,"TORNILLO ALLEN CAB. CILINDRICA CALIDAD 12.9 DIN 912 Cil 14 x 2,00 x 250 12.9"
AC14X300,allen,14,2.00,300,12.9,metrico,15889.5,trusoni,"TORNILLO ALLEN CAB. CILINDRICA CALIDAD 12.9 DIN 912 Cil 14 x 2,00 x 300 12.9"
AC16X30,allen,16,2.00,30,12.9,metrico,1068.93,trusoni,"TORNILLO ALLEN CAB. CILINDRICA CALIDAD 12.9 DIN 912 Cil 16 x 2,00 x 30 12.9"
AC16X35,allen,16,2.00,35,12.9,metrico,1155.6,trusoni,"TORNILLO ALLEN CAB. CILINDRICA CALIDAD 12.9 DIN 912 Cil 16 x 2,00 x 35 12.9"
AC16X40,allen,16,2.00,40,12.9,metrico,1242.27,trusoni,"TORNILLO ALLEN CAB. CILINDRICA CALIDAD 12.9 DIN 912 Cil 16 x 2,00 x 40 12.9"
AC16X45,allen,16,2.00,45,12.9,metrico,1328.94,trusoni,"TORNILLO ALLEN CAB. CILINDRICA CALIDAD 12.9 DIN 912 Cil 16 x 2,00 x 45 12.9"
AC16X50,allen,16,2.00,50,12.9,metrico,1415.61,trusoni,"TORNILLO ALLEN CAB. CILINDRICA CALIDAD 12.9 DIN 912 Cil 16 x 2,00 x 50 12.9"
AC16X55,allen,16,2.00,55,12.9,metrico,1612.49,trusoni,"TORNILLO ALLEN CAB. CILINDRICA CALIDAD 12.9 DIN 912 Cil 16 x 2,00 x 55 12.9"
AC16X60,allen,16,2.00,60,12.9,metrico,1669.2,trusoni,"TORNILLO ALLEN CAB. CILINDRICA CALIDAD 12.9 DIN 912 Cil 16 x 2,00 x 60 12.9"
AC16X70,allen,16,2.00,70,12.9,metrico,1962.38,trusoni,"TORNILLO ALLEN CAB. CILINDRICA CALIDAD 12.9 DIN 912 Cil 16 x 2,00 x 70 12.9"
AC16X80,allen,16,2.00,80,12.9,metrico,2051.19,trusoni,"TORNILLO ALLEN CAB. CILINDRICA CALIDAD 12.9 DIN 912 Cil 16 x 2,00 x 80 12.9"
AC16X90,allen,16,2.00,90,12.9,metrico,2224.53,trusoni,"TORNILLO ALLEN CAB. CILINDRICA CALIDAD 12.9 DIN 912 Cil 16 x 2,00 x 90 12.9"
AC16X100,allen,16,2.00,100,12.9,metrico,2397.87,trusoni,"TORNILLO ALLEN CAB. CILINDRICA CALIDAD 12.9 DIN 912 Cil 16 x 2,00 x 100 12.9"
AC16X110,allen,16,2.00,110,12.9,metrico,2744.55,trusoni,"TORNILLO ALLEN CAB. CILINDRICA CALIDAD 12.9 DIN 912 Cil 16 x 2,00 x 110 12.9"
AC16X120,allen,16,2.00,120,12.9,metrico,3062.34,trusoni,"TORNILLO ALLEN CAB. CILINDRICA CALIDAD 12.9 DIN 912 Cil 16 x 2,00 x 120 12.9"
AC16X130,allen,16,2.00,130,12.9,metrico,3235.68,trusoni,"TORNILLO ALLEN CAB. CILINDRICA CALIDAD 12.9 DIN 912 Cil 16 x 2,00 x 130 12.9"
AC16X140,allen,16,2.00,140,12.9,metrico,3755.7,trusoni,"TORNILLO ALLEN CAB. CILINDRICA CALIDAD 12.9 DIN 912 Cil 16 x 2,00 x 140 12.9"
AC16X150,allen,16,2.00,150,12.9,metrico,4911.3,trusoni,"TORNILLO ALLEN CAB. CILINDRICA CALIDAD 12.9 DIN 912 Cil 16 x 2,00 x 150 12.9"
AC16X160,allen,16,2.00,160,12.9,metrico,5489.1,trusoni,"TORNILLO ALLEN CAB. CILINDRICA CALIDAD 12.9 DIN 912 Cil 16 x 2,00 x 160 12.9"
AC16X180,allen,16,2.00,180,12.9,metrico,5885.0,trusoni,"TORNILLO ALLEN CAB. CILINDRICA CALIDAD 12.9 DIN 912 Cil 16 x 2,00 x 180 12.9"
AC16X200,allen,16,2.00,200,12.9,metrico,6420.0,trusoni,"TORNILLO ALLEN CAB. CILINDRICA CALIDAD 12.9 DIN 912 Cil 16 x 2,00 x 200 12.9"
AC16X250,allen,16,2.00,250,12.9,metrico,10978.2,trusoni,"TORNILLO ALLEN CAB. CILINDRICA CALIDAD 12.9 DIN 912 Cil 16 x 2,00 x 250 12.9"
AC16X300,allen,16,2.00,300,12.9,metrico,13867.2,trusoni,"TORNILLO ALLEN CAB. CILINDRICA CALIDAD 12.9 DIN 912 Cil 16 x 2,00 x 300 12.9"
AC18X40,allen,18,2.50,40,12.9,metrico,2686.77,trusoni,"TORNILLO ALLEN CAB. CILINDRICA CALIDAD 12.9 DIN 912 Cil 18 x 2,50 x 40 12.9"
AC18X45,allen,18,2.50,45,12.9,metrico,2831.22,trusoni,"TORNILLO ALLEN CAB. CILINDRICA CALIDAD 12.9 DIN 912 Cil 18 x 2,50 x 45 12.9"
AC18X50,allen,18,2.50,50,12.9,metrico,3735.68,trusoni,"TORNILLO ALLEN CAB. CILINDRICA CALIDAD 12.9 DIN 912 Cil 18 x 2,50 x 50 12.9"
AC18X55,allen,18,2.50,55,12.9,metrico,3351.24,trusoni,"TORNILLO ALLEN CAB. CILINDRICA CALIDAD 12.9 DIN 912 Cil 18 x 2,50 x 55 12.9"
AC18X60,allen,18,2.50,60,12.9,metrico,3409.02,trusoni,"TORNILLO ALLEN CAB. CILINDRICA CALIDAD 12.9 DIN 912 Cil 18 x 2,50 x 60 12.9"
AC18X70,allen,18,2.50,70,12.9,metrico,3466.8,trusoni,"TORNILLO ALLEN CAB. CILINDRICA CALIDAD 12.9 DIN 912 Cil 18 x 2,50 x 70 12.9"
AC18X80,allen,18,2.50,80,12.9,metrico,3553.47,trusoni,"TORNILLO ALLEN CAB. CILINDRICA CALIDAD 12.9 DIN 912 Cil 18 x 2,50 x 80 12.9"
AC18X90,allen,18,2.50,90,12.9,metrico,3611.25,trusoni,"TORNILLO ALLEN CAB. CILINDRICA CALIDAD 12.9 DIN 912 Cil 18 x 2,50 x 90 12.9"
AC18X100,allen,18,2.50,100,12.9,metrico,3755.7,trusoni,"TORNILLO ALLEN CAB. CILINDRICA CALIDAD 12.9 DIN 912 Cil 18 x 2,50 x 100 12.9"
AC18X110,allen,18,2.50,110,12.9,metrico,3986.82,trusoni,"TORNILLO ALLEN CAB. CILINDRICA CALIDAD 12.9 DIN 912 Cil 18 x 2,50 x 110 12.9"
AC18X120,allen,18,2.50,120,12.9,metrico,4333.5,trusoni,"TORNILLO ALLEN CAB. CILINDRICA CALIDAD 12.9 DIN 912 Cil 18 x 2,50 x 120 12.9"
AC18X130,allen,18,2.50,130,12.9,metrico,4795.74,trusoni,"TORNILLO ALLEN CAB. CILINDRICA CALIDAD 12.9 DIN 912 Cil 18 x 2,50 x 130 12.9"
AC18X140,allen,18,2.50,140,12.9,metrico,5489.1,trusoni,"TORNILLO ALLEN CAB. CILINDRICA CALIDAD 12.9 DIN 912 Cil 18 x 2,50 x 140 12.9"
AC18X150,allen,18,2.50,150,12.9,metrico,5778.0,trusoni,"TORNILLO ALLEN CAB. CILINDRICA CALIDAD 12.9 DIN 912 Cil 18 x 2,50 x 150 12.9"
AC18X160,allen,18,2.50,160,12.9,metrico,6066.9,trusoni,"TORNILLO ALLEN CAB. CILINDRICA CALIDAD 12.9 DIN 912 Cil 18 x 2,50 x 160 12.9"
AC18X180,allen,18,2.50,180,12.9,metrico,6413.58,trusoni,"TORNILLO ALLEN CAB. CILINDRICA CALIDAD 12.9 DIN 912 Cil 18 x 2,50 x 180 12.9"
AC18X200,allen,18,2.50,200,12.9,metrico,9822.6,trusoni,"TORNILLO ALLEN CAB. CILINDRICA CALIDAD 12.9 DIN 912 Cil 18 x 2,50 x 200 12.9"
AC18X250,allen,18,2.50,250,12.9,metrico,14445.0,trusoni,"TORNILLO ALLEN CAB. CILINDRICA CALIDAD 12.9 DIN 912 Cil 18 x 2,50 x 250 12.9"
AC18X300,allen,18,2.50,300,12.9,metrico,20223.0,trusoni,"TORNILLO ALLEN CAB. CILINDRICA CALIDAD 12.9 DIN 912 Cil 18 x 2,50 x 300 12.9"
AC20X35,allen,20,2.5,35,12.9,metrico,2527.875,trusoni,"TORNILLO ALLEN CAB. CILINDRICA CALIDAD 12.9 DIN 912 Cil 20 x 2,5 x 35 12.9"
AC20X40,allen,20,2.5,40,12.9,metrico,2555.16,trusoni,"TORNILLO ALLEN CAB. CILINDRICA CALIDAD 12.9 DIN 912 Cil 20 x 2,5 x 40 12.9"
AC20X45,allen,20,2.5,45,12.9,metrico,2662.16,trusoni,"TORNILLO ALLEN CAB. CILINDRICA CALIDAD 12.9 DIN 912 Cil 20 x 2,5 x 45 12.9"
AC20X50,allen,20,2.5,50,12.9,metrico,2769.16,trusoni,"TORNILLO ALLEN CAB. CILINDRICA CALIDAD 12.9 DIN 912 Cil 20 x 2,5 x 50 12.9"
AC20X55,allen,20,2.5,55,12.9,metrico,2835.5,trusoni,"TORNILLO ALLEN CAB. CILINDRICA CALIDAD 12.9 DIN 912 Cil 20 x 2,5 x 55 12.9"
AC20X60,allen,20,2.5,60,12.9,metrico,2915.75,trusoni,"TORNILLO ALLEN CAB. CILINDRICA CALIDAD 12.9 DIN 912 Cil 20 x 2,5 x 60 12.9"
AC20X70,allen,20,2.5,70,12.9,metrico,3156.5,trusoni,"TORNILLO ALLEN CAB. CILINDRICA CALIDAD 12.9 DIN 912 Cil 20 x 2,5 x 70 12.9"
AC20X80,allen,20,2.5,80,12.9,metrico,3598.41,trusoni,"TORNILLO ALLEN CAB. CILINDRICA CALIDAD 12.9 DIN 912 Cil 20 x 2,5 x 80 12.9"
AC20X90,allen,20,2.5,90,12.9,metrico,3865.91,trusoni,"TORNILLO ALLEN CAB. CILINDRICA CALIDAD 12.9 DIN 912 Cil 20 x 2,5 x 90 12.9"
AC20X100,allen,20,2.5,100,12.9,metrico,4253.25,trusoni,"TORNILLO ALLEN CAB. CILINDRICA CALIDAD 12.9 DIN 912 Cil 20 x 2,5 x 100 12.9"
AC20X110,allen,20,2.5,110,12.9,metrico,4520.75,trusoni,"TORNILLO ALLEN CAB. CILINDRICA CALIDAD 12.9 DIN 912 Cil 20 x 2,5 x 110 12.9"
AC20X120,allen,20,2.5,120,12.9,metrico,4770.06,trusoni,"TORNILLO ALLEN CAB. CILINDRICA CALIDAD 12.9 DIN 912 Cil 20 x 2,5 x 120 12.9"
AC20X130,allen,20,2.5,130,12.9,metrico,7285.63,trusoni,"TORNILLO ALLEN CAB. CILINDRICA CALIDAD 12.9 DIN 912 Cil 20 x 2,5 x 130 12.9"
AC20X140,allen,20,2.5,140,12.9,metrico,7787.46,trusoni,"TORNILLO ALLEN CAB. CILINDRICA CALIDAD 12.9 DIN 912 Cil 20 x 2,5 x 140 12.9"
AC20X150,allen,20,2.5,150,12.9,metrico,8992.5,trusoni,"TORNILLO ALLEN CAB. CILINDRICA CALIDAD 12.9 DIN 912 Cil 20 x 2,5 x 150 12.9"
AC20X160,allen,20,2.5,160,12.9,metrico,8827.5,trusoni,"TORNILLO ALLEN CAB. CILINDRICA CALIDAD 12.9 DIN 912 Cil 20 x 2,5 x 160 12.9"
AC20X180,allen,20,2.5,180,12.9,metrico,9362.5,trusoni,"TORNILLO ALLEN CAB. CILINDRICA CALIDAD 12.9 DIN 912 Cil 20 x 2,5 x 180 12.9"
AC20X200,allen,20,2.5,200,12.9,metrico,10165.0,trusoni,"TORNILLO ALLEN CAB. CILINDRICA CALIDAD 12.9 DIN 912 Cil 20 x 2,5 x 200 12.9"
AC20X250,allen,20,2.5,250,12.9,metrico,10223.0,trusoni,"TORNILLO ALLEN CAB. CILINDRICA CALIDAD 12.9 DIN 912 Cil 20 x 2,5 x 250 12.9"
AC20X300,allen,20,2.5,300,12.9,metrico,27445.5,trusoni,"TORNILLO ALLEN CAB. CILINDRICA CALIDAD 12.9 DIN 912 Cil 20 x 2,5 x 300 12.9"
AC22X60,allen,22,2.50,60,12.9,metrico,4824.63,trusoni,"TORNILLO ALLEN CAB. CILINDRICA CALIDAD 12.9 DIN 912 Cil 22 x 2,50 x 60 12.9"
AC22X70,allen,22,2.50,70,12.9,metrico,5922.45,trusoni,"TORNILLO ALLEN CAB. CILINDRICA CALIDAD 12.9 DIN 912 Cil 22 x 2,50 x 70 12.9"
AC22X80,allen,22,2.50,80,12.9,metrico,6500.25,trusoni,"TORNILLO ALLEN CAB. CILINDRICA CALIDAD 12.9 DIN 912 Cil 22 x 2,50 x 80 12.9"
AC22X90,allen,22,2.50,90,12.9,metrico,6644.7,trusoni,"TORNILLO ALLEN CAB. CILINDRICA CALIDAD 12.9 DIN 912 Cil 22 x 2,50 x 90 12.9"
AC22X100,allen,22,2.50,100,12.9,metrico,6904.71,trusoni,"TORNILLO ALLEN CAB. CILINDRICA CALIDAD 12.9 DIN 912 Cil 22 x 2,50 x 100 12.9"
AC22X110,allen,22,2.50,110,12.9,metrico,7431.15,trusoni,"TORNILLO ALLEN CAB. CILINDRICA CALIDAD 12.9 DIN 912 Cil 22 x 2,50 x 110 12.9"
AC22X120,allen,22,2.50,120,12.9,metrico,7954.38,trusoni,"TORNILLO ALLEN CAB. CILINDRICA CALIDAD 12.9 DIN 912 Cil 22 x 2,50 x 120 12.9"
AC22X130,allen,22,2.50,130,12.9,metrico,8667.0,trusoni,"TORNILLO ALLEN CAB. CILINDRICA CALIDAD 12.9 DIN 912 Cil 22 x 2,50 x 130 12.9"
AC22X140,allen,22,2.50,140,12.9,metrico,9100.35,trusoni,"TORNILLO ALLEN CAB. CILINDRICA CALIDAD 12.9 DIN 912 Cil 22 x 2,50 x 140 12.9"
AC22X150,allen,22,2.50,150,12.9,metrico,9822.6,trusoni,"TORNILLO ALLEN CAB. CILINDRICA CALIDAD 12.9 DIN 912 Cil 22 x 2,50 x 150 12.9"
AC22X160,allen,22,2.50,160,12.9,metrico,10602.63,trusoni,"TORNILLO ALLEN CAB. CILINDRICA CALIDAD 12.9 DIN 912 Cil 22 x 2,50 x 160 12.9"
AC22X180,allen,22,2.50,180,12.9,metrico,13000.5,trusoni,"TORNILLO ALLEN CAB. CILINDRICA CALIDAD 12.9 DIN 912 Cil 22 x 2,50 x 180 12.9"
AC22X200,allen,22,2.50,200,12.9,metrico,14156.1,trusoni,"TORNILLO ALLEN CAB. CILINDRICA CALIDAD 12.9 DIN 912 Cil 22 x 2,50 x 200 12.9"
AC24X50,allen,24,3.00,50,12.9,metrico,5257.98,trusoni,"TORNILLO ALLEN CAB. CILINDRICA CALIDAD 12.9 DIN 912 Cil 24 x 3,00 x 50 12.9"
AC24X60,allen,24,3.00,60,12.9,metrico,6066.9,trusoni,"TORNILLO ALLEN CAB. CILINDRICA CALIDAD 12.9 DIN 912 Cil 24 x 3,00 x 60 12.9"
AC24X70,allen,24,3.00,70,12.9,metrico,6355.8,trusoni,"TORNILLO ALLEN CAB. CILINDRICA CALIDAD 12.9 DIN 912 Cil 24 x 3,00 x 70 12.9"
AC24X80,allen,24,3.00,80,12.9,metrico,7222.5,trusoni,"TORNILLO ALLEN CAB. CILINDRICA CALIDAD 12.9 DIN 912 Cil 24 x 3,00 x 80 12.9"
AC24X90,allen,24,3.00,90,12.9,metrico,7569.18,trusoni,"TORNILLO ALLEN CAB. CILINDRICA CALIDAD 12.9 DIN 912 Cil 24 x 3,00 x 90 12.9"
AC24X100,allen,24,3.00,100,12.9,metrico,8175.87,trusoni,"TORNILLO ALLEN CAB. CILINDRICA CALIDAD 12.9 DIN 912 Cil 24 x 3,00 x 100 12.9"
AC24X110,allen,24,3.00,110,12.9,metrico,8840.34,trusoni,"TORNILLO ALLEN CAB. CILINDRICA CALIDAD 12.9 DIN 912 Cil 24 x 3,00 x 110 12.9"
AC24X120,allen,24,3.00,120,12.9,metrico,9273.69,trusoni,"TORNILLO ALLEN CAB. CILINDRICA CALIDAD 12.9 DIN 912 Cil 24 x 3,00 x 120 12.9"
AC24X130,allen,24,3.00,130,12.9,metrico,10111.5,trusoni,"TORNILLO ALLEN CAB. CILINDRICA CALIDAD 12.9 DIN 912 Cil 24 x 3,00 x 130 12.9"
AC24X140,allen,24,3.00,140,12.9,metrico,11122.65,trusoni,"TORNILLO ALLEN CAB. CILINDRICA CALIDAD 12.9 DIN 912 Cil 24 x 3,00 x 140 12.9"
AC24X150,allen,24,3.00,150,12.9,metrico,11267.1,trusoni,"TORNILLO ALLEN CAB. CILINDRICA CALIDAD 12.9 DIN 912 Cil 24 x 3,00 x 150 12.9"
AC24X160,allen,24,3.00,160,12.9,metrico,11700.45,trusoni,"TORNILLO ALLEN CAB. CILINDRICA CALIDAD 12.9 DIN 912 Cil 24 x 3,00 x 160 12.9"
AC24X180,allen,24,3.00,180,12.9,metrico,13000.5,trusoni,"TORNILLO ALLEN CAB. CILINDRICA CALIDAD 12.9 DIN 912 Cil 24 x 3,00 x 180 12.9"
AC24X200,allen,24,3.00,200,12.9,metrico,14445.0,trusoni,"TORNILLO ALLEN CAB. CILINDRICA CALIDAD 12.9 DIN 912 Cil 24 x 3,00 x 200 12.9"
AC30x70,allen,30,3.50,70,12.9,metrico,11101.25,trusoni,"TORNILLO ALLEN CAB. CILINDRICA CALIDAD 12.9 DIN 912 Cil 30 x 3,50 x 70 12.9"
AC30X80,allen,30,3.50,80,12.9,metrico,11844.9,trusoni,"TORNILLO ALLEN CAB. CILINDRICA CALIDAD 12.9 DIN 912 Cil 30 x 3,50 x 80 12.9"
AC30X90,allen,30,3.50,90,12.9,metrico,13578.3,trusoni,"TORNILLO ALLEN CAB. CILINDRICA CALIDAD 12.9 DIN 912 Cil 30 x 3,50 x 90 12.9"
AC30X100,allen,30,3.50,100,12.9,metrico,14733.9,trusoni,"TORNILLO ALLEN CAB. CILINDRICA CALIDAD 12.9 DIN 912 Cil 30 x 3,50 x 100 12.9"
AC30X120,allen,30,3.50,120,12.9,metrico,16525.08,trusoni,"TORNILLO ALLEN CAB. CILINDRICA CALIDAD 12.9 DIN 912 Cil 30 x 3,50 x 120 12.9"
AC30X140,allen,30,3.50,140,12.9,metrico,18778.5,trusoni,"TORNILLO ALLEN CAB. CILINDRICA CALIDAD 12.9 DIN 912 Cil 30 x 3,50 x 140 12.9"
AC30X150,allen,30,3.50,150,12.9,metrico,21667.5,trusoni,"TORNILLO ALLEN CAB. CILINDRICA CALIDAD 12.9 DIN 912 Cil 30 x 3,50 x 150 12.9"
AC30X180,allen,30,3.50,180,12.9,metrico,22534.2,trusoni,"TORNILLO ALLEN CAB. CILINDRICA CALIDAD 12.9 DIN 912 Cil 30 x 3,50 x 180 12.9"
AC30X200,allen,30,3.50,200,12.9,metrico,24556.5,trusoni,"TORNILLO ALLEN CAB. CILINDRICA CALIDAD 12.9 DIN 912 Cil 30 x 3,50 x 200 12.9"
CÓDIGO,allen,,,,12.9,metrico,,trusoni,TORNILLO ALLEN CAB. CILINDRICA CALIDAD 12.9 DIN 912 DESCRIPCIÓN
AC1/8X1/4,allen,1/8,40,1/4,12.9,imperial,321.0,trusoni,TORNILLO ALLEN CAB. CILINDRICA CALIDAD 12.9 DIN 912 Cil 1/8 - 40 x 1/4
AC1/8X5/16,allen,1/8,40,5/16,12.9,imperial,272.85,trusoni,TORNILLO ALLEN CAB. CILINDRICA CALIDAD 12.9 DIN 912 Cil 1/8 - 40 x 5/16
AC1/8X3/8,allen,1/8,40,3/8,12.9,imperial,278.2,trusoni,TORNILLO ALLEN CAB. CILINDRICA CALIDAD 12.9 DIN 912 Cil 1/8 - 40 x 3/8
AC1/8X1/2,allen,1/8,40,1/2,12.9,imperial,294.25,trusoni,TORNILLO ALLEN CAB. CILINDRICA CALIDAD 12.9 DIN 912 Cil 1/8 - 40 x 1/2
AC3/16X3/8,allen,3/16,24,3/8,12.9,imperial,57.78,trusoni,TORNILLO ALLEN CAB. CILINDRICA CALIDAD 12.9 DIN 912 Cil 3/16 - 24 x 3/8
AC3/16X1/2,allen,3/16,24,1/2,12.9,imperial,64.2,trusoni,TORNILLO ALLEN CAB. CILINDRICA CALIDAD 12.9 DIN 912 Cil 3/16 - 24 x 1/2
AC3/16X5/8,allen,3/16,24,5/8,12.9,imperial,67.41,trusoni,TORNILLO ALLEN CAB. CILINDRICA CALIDAD 12.9 DIN 912 Cil 3/16 - 24 x 5/8
AC3/16X3/4,allen,3/16,24,3/4,12.9,imperial,69.55,trusoni,TORNILLO ALLEN CAB. CILINDRICA CALIDAD 12.9 DIN 912 Cil 3/16 - 24 x 3/4
AC3/16X1 ,allen,3/16,24,1,12.9,imperial,85.6,trusoni,TORNILLO ALLEN CAB. CILINDRICA CALIDAD 12.9 DIN 912 Cil 3/16 - 24 x 1
AC3/16X11/4,allen,3/16,24,11/4,12.9,imperial,101.65,trusoni,TORNILLO ALLEN CAB. CILINDRICA CALIDAD 12.9 DIN 912 Cil 3/16 - 24 x 11/4
AC3/16X11/2,allen,3/16,24,11/2,12.9,imperial,114.49,trusoni,TORNILLO ALLEN CAB. CILINDRICA CALIDAD 12.9 DIN 912 Cil 3/16 - 24 x 11/2
AC3/16X13/4,allen,3/16,24,13/4,12.9,imperial,139.1,trusoni,TORNILLO ALLEN CAB. CILINDRICA CALIDAD 12.9 DIN 912 Cil 3/16 - 24 x 13/4
AC3/16X2,allen,3/16,24,2,12.9,imperial,153.01,trusoni,TORNILLO ALLEN CAB. CILINDRICA CALIDAD 12.9 DIN 912 Cil 3/16 - 24 x 2
AC1/4X3/8,allen,1/4,20,3/8,12.9,imperial,88.81,trusoni,TORNILLO ALLEN CAB. CILINDRICA CALIDAD 12.9 DIN 912 Cil 1/4 - 20 x 3/8
AC1/4X1/2,allen,1/4,20,1/2,12.9,imperial,90.95,trusoni,TORNILLO ALLEN CAB. CILINDRICA CALIDAD 12.9 DIN 912 Cil 1/4 - 20 x 1/2
AC1/4X5/8,allen,1/4,20,5/8,12.9,imperial,101.65,trusoni,TORNILLO ALLEN CAB. CILINDRICA CALIDAD 12.9 DIN 912 Cil 1/4 - 20 x 5/8
AC1/4X3/4,allen,1/4,20,3/4,12.9,imperial,112.35,trusoni,TORNILLO ALLEN CAB. CILINDRICA CALIDAD 12.9 DIN 912 Cil 1/4 - 20 x 3/4
AC1/4X1 ,allen,1/4,20,1,12.9,imperial,121.98,trusoni,TORNILLO ALLEN CAB. CILINDRICA CALIDAD 12.9 DIN 912 Cil 1/4 - 20 x 1
AC1/4X11/4,allen,1/4,20,11/4,12.9,imperial,139.1,trusoni,TORNILLO ALLEN CAB. CILINDRICA CALIDAD 12.9 DIN 912 Cil 1/4 - 20 x 11/4
AC1/4X11/2,allen,1/4,20,11/2,12.9,imperial,165.85,trusoni,TORNILLO ALLEN CAB. CILINDRICA CALIDAD 12.9 DIN 912 Cil 1/4 - 20 x 11/2
AC1/4X13/4,allen,1/4,20,13/4,12.9,imperial,192.6,trusoni,TORNILLO ALLEN CAB. CILINDRICA CALIDAD 12.9 DIN 912 Cil 1/4 - 20 x 13/4
AC1/4X2,allen,1/4,20,2,12.9,imperial,230.05,trusoni,TORNILLO ALLEN CAB. CILINDRICA CALIDAD 12.9 DIN 912 Cil 1/4 - 20 x 2
AC1/4X21/2,allen,1/4,20,21/2,12.9,imperial,267.5,trusoni,TORNILLO ALLEN CAB. CILINDRICA CALIDAD 12.9 DIN 912 Cil 1/4 - 20 x 21/2
AC1/4X23/4,allen,1/4,20,23/4,12.9,imperial,347.75,trusoni,TORNILLO ALLEN CAB. CILINDRICA CALIDAD 12.9 DIN 912 Cil 1/4 - 20 x 23/4
AC1/4X3,allen,1/4,20,3,12.9,imperial,401.25,trusoni,TORNILLO ALLEN CAB. CILINDRICA CALIDAD 12.9 DIN 912 Cil 1/4 - 20 x 3
AC1/4X31/2,allen,1/4,20,31/2,12.9,imperial,481.5,trusoni,TORNILLO ALLEN CAB. CILINDRICA CALIDAD 12.9 DIN 912 Cil 1/4 - 20 x 31/2
AC1/4X4,allen,1/4,20,4,12.9,imperial,775.75,trusoni,TORNILLO ALLEN CAB. CILINDRICA CALIDAD 12.9 DIN 912 Cil 1/4 - 20 x 4
AC5/16X1/2,allen,5/16,18,1/2,12.9,imperial,149.8,trusoni,TORNILLO ALLEN CAB. CILINDRICA CALIDAD 12.9 DIN 912 Cil 5/16 - 18 x 1/2
AC5/16X5/8,allen,5/16,18,5/8,12.9,imperial,170.13,trusoni,TORNILLO ALLEN CAB. CILINDRICA CALIDAD 12.9 DIN 912 Cil 5/16 - 18 x 5/8
AC5/16X3/4,allen,5/16,18,3/4,12.9,imperial,174.41,trusoni,TORNILLO ALLEN CAB. CILINDRICA CALIDAD 12.9 DIN 912 Cil 5/16 - 18 x 3/4
AC5/16X1 ,allen,5/16,18,1,12.9,imperial,197.95,trusoni,TORNILLO ALLEN CAB. CILINDRICA CALIDAD 12.9 DIN 912 Cil 5/16 - 18 x 1
AC5/16X11/4,allen,5/16,18,11/4,12.9,imperial,234.33,trusoni,TORNILLO ALLEN CAB. CILINDRICA CALIDAD 12.9 DIN 912 Cil 5/16 - 18 x 11/4
AC5/16X11/2,allen,5/16,18,11/2,12.9,imperial,249.31,trusoni,TORNILLO ALLEN CAB. CILINDRICA CALIDAD 12.9 DIN 912 Cil 5/16 - 18 x 11/2
AC5/16X13/4,allen,5/16,18,13/4,12.9,imperial,294.25,trusoni,TORNILLO ALLEN CAB. CILINDRICA CALIDAD 12.9 DIN 912 Cil 5/16 - 18 x 13/4
AC5/16X2,allen,5/16,18,2,12.9,imperial,304.95,trusoni,TORNILLO ALLEN CAB. CILINDRICA CALIDAD 12.9 DIN 912 Cil 5/16 - 18 x 2
AC5/16X21/2,allen,5/16,18,21/2,12.9,imperial,415.16,trusoni,TORNILLO ALLEN CAB. CILINDRICA CALIDAD 12.9 DIN 912 Cil 5/16 - 18 x 21/2
AC5/16X23/4,allen,5/16,18,23/4,12.9,imperial,457.96,trusoni,TORNILLO ALLEN CAB. CILINDRICA CALIDAD 12.9 DIN 912 Cil 5/16 - 18 x 23/4
AC5/16X3 ,allen,5/16,18,3,12.9,imperial,486.85,trusoni,TORNILLO ALLEN CAB. CILINDRICA CALIDAD 12.9 DIN 912 Cil 5/16 - 18 x 3
AC5/16X31/2,allen,5/16,18,31/2,12.9,imperial,577.8,trusoni,TORNILLO ALLEN CAB. CILINDRICA CALIDAD 12.9 DIN 912 Cil 5/16 - 18 x 31/2
AC5/16X4,allen,5/16,18,4,12.9,imperial,770.4,trusoni,TORNILLO ALLEN CAB. CILINDRICA CALIDAD 12.9 DIN 912 Cil 5/16 - 18 x 4
AC5/16X41/2,allen,5/16,18,41/2,12.9,imperial,989.75,trusoni,TORNILLO ALLEN CAB. CILINDRICA CALIDAD 12.9 DIN 912 Cil 5/16 - 18 x 41/2
AC5/16X5 ,allen,5/16,18,5,12.9,imperial,1123.5,trusoni,TORNILLO ALLEN CAB. CILINDRICA CALIDAD 12.9 DIN 912 Cil 5/16 - 18 x 5
AC3/8X1/2,allen,3/8,16,1/2,12.9,imperial,227.91,trusoni,TORNILLO ALLEN CAB. CILINDRICA CALIDAD 12.9 DIN 912 Cil 3/8 - 16 x 1/2
AC3/8X3/4,allen,3/8,16,3/4,12.9,imperial,265.36,trusoni,TORNILLO ALLEN CAB. CILINDRICA CALIDAD 12.9 DIN 912 Cil 3/8 - 16 x 3/4
AC3/8X1 ,allen,3/8,16,1,12.9,imperial,294.25,trusoni,TORNILLO ALLEN CAB. CILINDRICA CALIDAD 12.9 DIN 912 Cil 3/8 - 16 x 1
AC3/8X11/4,allen,3/8,16,11/4,12.9,imperial,334.91,trusoni,TORNILLO ALLEN CAB. CILINDRICA CALIDAD 12.9 DIN 912 Cil 3/8 - 16 x 11/4
AC3/8X11/2,allen,3/8,16,11/2,12.9,imperial,388.41,trusoni,TORNILLO ALLEN CAB. CILINDRICA CALIDAD 12.9 DIN 912 Cil 3/8 - 16 x 11/2
AC3/8X13/4,allen,3/8,16,13/4,12.9,imperial,431.21,trusoni,TORNILLO ALLEN CAB. CILINDRICA CALIDAD 12.9 DIN 912 Cil 3/8 - 16 x 13/4
AC3/8X2,allen,3/8,16,2,12.9,imperial,481.5,trusoni,TORNILLO ALLEN CAB. CILINDRICA CALIDAD 12.9 DIN 912 Cil 3/8 - 16 x 2
AC3/8X21/2,allen,3/8,16,21/2,12.9,imperial,618.46,trusoni,TORNILLO ALLEN CAB. CILINDRICA CALIDAD 12.9 DIN 912 Cil 3/8 - 16 x 21/2
AC3/8X23/4,allen,3/8,16,23/4,12.9,imperial,668.75,trusoni,TORNILLO ALLEN CAB. CILINDRICA CALIDAD 12.9 DIN 912 Cil 3/8 - 16 x 23/4
AC3/8X3 ,allen,3/8,16,3,12.9,imperial,716.9,trusoni,TORNILLO ALLEN CAB. CILINDRICA CALIDAD 12.9 DIN 912 Cil 3/8 - 16 x 3
AC3/8X31/2,allen,3/8,16,31/2,12.9,imperial,811.06,trusoni,TORNILLO ALLEN CAB. CILINDRICA CALIDAD 12.9 DIN 912 Cil 3/8 - 16 x 31/2
AC3/8X4,allen,3/8,16,4,12.9,imperial,976.91,trusoni,TORNILLO ALLEN CAB. CILINDRICA CALIDAD 12.9 DIN 912 Cil 3/8 - 16 x 4
AC3/8X41/2,allen,3/8,16,41/2,12.9,imperial,1083.91,trusoni,TORNILLO ALLEN CAB. CILINDRICA CALIDAD 12.9 DIN 912 Cil 3/8 - 16 x 41/2
AC3/8X5,allen,3/8,16,5,12.9,imperial,1337.5,trusoni,TORNILLO ALLEN CAB. CILINDRICA CALIDAD 12.9 DIN 912 Cil 3/8 - 16 x 5
AC3/8X6,allen,3/8,16,6,12.9,imperial,1605.0,trusoni,TORNILLO ALLEN CAB. CILINDRICA CALIDAD 12.9 DIN 912 Cil 3/8 - 16 x 6
AC7/16X1,allen,7/16,14,1,12.9,imperial,460.1,trusoni,TORNILLO ALLEN CAB. CILINDRICA CALIDAD 12.9 DIN 912 Cil 7/16 - 14 x 1
AC7/16X11/4,allen,7/16,14,11/4,12.9,imperial,513.6,trusoni,TORNILLO ALLEN CAB. CILINDRICA CALIDAD 12.9 DIN 912 Cil 7/16 - 14 x 11/4
AC7/16X11/2,allen,7/16,14,11/2,12.9,imperial,575.66,trusoni,TORNILLO ALLEN CAB. CILINDRICA CALIDAD 12.9 DIN 912 Cil 7/16 - 14 x 11/2
AC7/16X2,allen,7/16,14,2,12.9,imperial,813.2,trusoni,TORNILLO ALLEN CAB. CILINDRICA CALIDAD 12.9 DIN 912 Cil 7/16 - 14 x 2
AC7/16X21/2,allen,7/16,14,21/2,12.9,imperial,864.56,trusoni,TORNILLO ALLEN CAB. CILINDRICA CALIDAD 12.9 DIN 912 Cil 7/16 - 14 x 21/2
AC7/16X3,allen,7/16,14,3,12.9,imperial,1203.75,trusoni,TORNILLO ALLEN CAB. CILINDRICA CALIDAD 12.9 DIN 912 Cil 7/16 - 14 x 3
AC7/16X31/2,allen,7/16,14,31/2,12.9,imperial,1551.5,trusoni,TORNILLO ALLEN CAB. CILINDRICA CALIDAD 12.9 DIN 912 Cil 7/16 - 14 x 31/2
AC7/16X4,allen,7/16,14,4,12.9,imperial,1658.5,trusoni,TORNILLO ALLEN CAB. CILINDRICA CALIDAD 12.9 DIN 912 Cil 7/16 - 14 x 4
AC1/2X3/4,allen,1/2,12,3/4,12.9,imperial,642.0,trusoni,TORNILLO ALLEN CAB. CILINDRICA CALIDAD 12.9 DIN 912 Cil 1/2 - 12 x 3/4 wth
AC1/2X1,allen,1/2,12,1,12.9,imperial,668.75,trusoni,TORNILLO ALLEN CAB. CILINDRICA CALIDAD 12.9 DIN 912 Cil 1/2 - 12 x 1
AC1/2X11/4,allen,1/2,12,11/4,12.9,imperial,695.5,trusoni,TORNILLO ALLEN CAB. CILINDRICA CALIDAD 12.9 DIN 912 Cil 1/2 - 12 x 11/4
AC1/2X11/2,allen,1/2,12,11/2,12.9,imperial,816.41,trusoni,TORNILLO ALLEN CAB. CILINDRICA CALIDAD 12.9 DIN 912 Cil 1/2 - 12 x 11/2
AC1/2X13/4,allen,1/2,12,13/4,12.9,imperial,909.5,trusoni,TORNILLO ALLEN CAB. CILINDRICA CALIDAD 12.9 DIN 912 Cil 1/2 - 12 x 13/4
AC1/2X2,allen,1/2,12,2,12.9,imperial,955.51,trusoni,TORNILLO ALLEN CAB. CILINDRICA CALIDAD 12.9 DIN 912 Cil 1/2 - 12 x 2
AC1/2X21/2,allen,1/2,12,21/2,12.9,imperial,1219.8,trusoni,TORNILLO ALLEN CAB. CILINDRICA CALIDAD 12.9 DIN 912 Cil 1/2 - 12 x 21/2
AC1/2X23/4,allen,1/2,12,23/4,12.9,imperial,1257.25,trusoni,TORNILLO ALLEN CAB. CILINDRICA CALIDAD 12.9 DIN 912 Cil 1/2 - 12 x 23/4
AC1/2X3 ,allen,1/2,12,3,12.9,imperial,1310.75,trusoni,TORNILLO ALLEN CAB. CILINDRICA CALIDAD 12.9 DIN 912 Cil 1/2 - 12 x 3
AC1/2X31/2,allen,1/2,12,31/2,12.9,imperial,1444.5,trusoni,TORNILLO ALLEN CAB. CILINDRICA CALIDAD 12.9 DIN 912 Cil 1/2 - 12 x 31/2
AC1/2X4,allen,1/2,12,4,12.9,imperial,1795.46,trusoni,TORNILLO ALLEN CAB. CILINDRICA CALIDAD 12.9 DIN 912 Cil 1/2 - 12 x 4
AC1/2X41/2,allen,1/2,12,41/2,12.9,imperial,2140.0,trusoni,TORNILLO ALLEN CAB. CILINDRICA CALIDAD 12.9 DIN 912 Cil 1/2 - 12 x 41/2
AC1/2X5,allen,1/2,12,5,12.9,imperial,2675.0,trusoni,TORNILLO ALLEN CAB. CILINDRICA CALIDAD 12.9 DIN 912 Cil 1/2 - 12 x 5
AC1/2X6,allen,1/2,12,6,12.9,imperial,4012.5,trusoni,TORNILLO ALLEN CAB. CILINDRICA CALIDAD 12.9 DIN 912 Cil 1/2 - 12 x 6
AC1/2X7,allen,1/2,12,7,12.9,imperial,6687.5,trusoni,TORNILLO ALLEN CAB. CILINDRICA CALIDAD 12.9 DIN 912 Cil 1/2 - 12 x 7
AC1/2X8,allen,1/2,12,8,12.9,imperial,7490.0,trusoni,TORNILLO ALLEN CAB. CILINDRICA CALIDAD 12.9 DIN 912 Cil 1/2 - 12 x 8
ACNC1/2X1,allen,1/2,13,1,12.9,imperial,668.75,trusoni,TORNILLO ALLEN CAB. CILINDRICA CALIDAD 12.9 DIN 912 Cil 1/2 - 13 x 1 NC
ACNC1/2X11/4,allen,1/2,13,11/4,12.9,imperial,695.5,trusoni,TORNILLO ALLEN CAB. CILINDRICA CALIDAD 12.9 DIN 912 Cil 1/2 - 13 x 11/4
ACNC1/2X11/2,allen,1/2,13,11/2,12.9,imperial,816.41,trusoni,TORNILLO ALLEN CAB. CILINDRICA CALIDAD 12.9 DIN 912 Cil 1/2 - 13 x 11/2
ACNC1/2X13/4,allen,1/2,13,13/4,12.9,imperial,909.5,trusoni,TORNILLO ALLEN CAB. CILINDRICA CALIDAD 12.9 DIN 912 Cil 1/2 - 13 x 13/4
ACNC1/2X2,allen,1/2,13,2,12.9,imperial,955.51,trusoni,TORNILLO ALLEN CAB. CILINDRICA CALIDAD 12.9 DIN 912 Cil 1/2 - 13 x 2
ACNC1/2X21/2,allen,1/2,13,21/2,12.9,imperial,1203.75,trusoni,TORNILLO ALLEN CAB. CILINDRICA CALIDAD 12.9 DIN 912 Cil 1/2 - 13 x 21/2
ACNC1/2X3,allen,1/2,13,3,12.9,imperial,1407.05,trusoni,TORNILLO ALLEN CAB. CILINDRICA CALIDAD 12.9 DIN 912 Cil 1/2 - 13 x 3
ACNC1/2X31/4,allen,1/2,13,31/4,12.9,imperial,1631.75,trusoni,TORNILLO ALLEN CAB. CILINDRICA CALIDAD 12.9 DIN 912 Cil 1/2 - 13 x 31/4
ACNC1/2X31/2,allen,1/2,13,31/2,12.9,imperial,1685.25,trusoni,TORNILLO ALLEN CAB. CILINDRICA CALIDAD 12.9 DIN 912 Cil 1/2 - 13 x 31/2
ACNC1/2X4,allen,1/2,13,4,12.9,imperial,2059.75,trusoni,TORNILLO ALLEN CAB. CILINDRICA CALIDAD 12.9 DIN 912 Cil 1/2 - 13 x 4
ACNC1/2X41/2,allen,1/2,13,41/2,12.9,imperial,2487.75,trusoni,TORNILLO ALLEN CAB. CILINDRICA CALIDAD 12.9 DIN 912 Cil 1/2 - 13 x 41/2
ACNC1/2X5,allen,1/2,13,5,12.9,imperial,2675.0,trusoni,TORNILLO ALLEN CAB. CILINDRICA CALIDAD 12.9 DIN 912 Cil 1/2 - 13 x 5
ACNC1/2X6,allen,1/2,13,6,12.9,imperial,3745.0,trusoni,TORNILLO ALLEN CAB. CILINDRICA CALIDAD 12.9 DIN 912 Cil 1/2 - 13 x 6
ACNC1/2X7,allen,1/2,13,7,12.9,imperial,5350.0,trusoni,TORNILLO ALLEN CAB. CILINDRICA CALIDAD 12.9 DIN 912 Cil 1/2 - 13 x 7
ACNC1/2X8,allen,1/2,13,8,12.9,imperial,6152.5,trusoni,TORNILLO ALLEN CAB. CILINDRICA CALIDAD 12.9 DIN 912 Cil 1/2 - 13 x 8
AC5/8X11/4,allen,5/8,11,11/4,12.9,imperial,1337.5,trusoni,TORNILLO ALLEN CAB. CILINDRICA CALIDAD 12.9 DIN 912 Cil 5/8 - 11 x 11/4
AC5/8X11/2,allen,5/8,11,11/2,12.9,imperial,1498.0,trusoni,TORNILLO ALLEN CAB. CILINDRICA CALIDAD 12.9 DIN 912 Cil 5/8 - 11 x 11/2
AC5/8X2,allen,5/8,11,2,12.9,imperial,1637.1,trusoni,TORNILLO ALLEN CAB. CILINDRICA CALIDAD 12.9 DIN 912 Cil 5/8 - 11 x 2
AC5/8X21/2,allen,5/8,11,21/2,12.9,imperial,1875.71,trusoni,TORNILLO ALLEN CAB. CILINDRICA CALIDAD 12.9 DIN 912 Cil 5/8 - 11 x 21/2
AC5/8X3,allen,5/8,11,3,12.9,imperial,2284.45,trusoni,TORNILLO ALLEN CAB. CILINDRICA CALIDAD 12.9 DIN 912 Cil 5/8 - 11 x 3
AC5/8X31/2,allen,5/8,11,31/2,12.9,imperial,2498.45,trusoni,TORNILLO ALLEN CAB. CILINDRICA CALIDAD 12.9 DIN 912 Cil 5/8 - 11 x 31/2
AC5/8X4,allen,5/8,11,4,12.9,imperial,2915.75,trusoni,TORNILLO ALLEN CAB. CILINDRICA CALIDAD 12.9 DIN 912 Cil 5/8 - 11 x 4
AC5/8X41/2,allen,5/8,11,41/2,12.9,imperial,3317.0,trusoni,TORNILLO ALLEN CAB. CILINDRICA CALIDAD 12.9 DIN 912 Cil 5/8 - 11 x 41/2
AC5/8X5,allen,5/8,11,5,12.9,imperial,3905.5,trusoni,TORNILLO ALLEN CAB. CILINDRICA CALIDAD 12.9 DIN 912 Cil 5/8 - 11 x 5
AC5/8X6,allen,5/8,11,6,12.9,imperial,5216.25,trusoni,TORNILLO ALLEN CAB. CILINDRICA CALIDAD 12.9 DIN 912 Cil 5/8 - 11 x 6
AC5/8X7,allen,5/8,11,7,12.9,imperial,7757.5,trusoni,TORNILLO ALLEN CAB. CILINDRICA CALIDAD 12.9 DIN 912 Cil 5/8 - 11 x 7
AC5/8X8,allen,5/8,11,8,12.9,imperial,9095.0,trusoni,TORNILLO ALLEN CAB. CILINDRICA CALIDAD 12.9 DIN 912 Cil 5/8 - 11 x 8
AC5/8X10,allen,5/8,11,10,12.9,imperial,12572.5,trusoni,TORNILLO ALLEN CAB. CILINDRICA CALIDAD 12.9 DIN 912 Cil 5/8 - 11 x 10
AC3/4X11/2,allen,3/4,10,11/2,12.9,imperial,2407.5,trusoni,TORNILLO ALLEN CAB. CILINDRICA CALIDAD 12.9 DIN 912 Cil 3/4 - 10 x 11/2
AC3/4X2,allen,3/4,10,2,12.9,imperial,2728.5,trusoni,TORNILLO ALLEN CAB. CILINDRICA CALIDAD 12.9 DIN 912 Cil 3/4 - 10 x 2
AC3/4X21/2,allen,3/4,10,21/2,12.9,imperial,3129.75,trusoni,TORNILLO ALLEN CAB. CILINDRICA CALIDAD 12.9 DIN 912 Cil 3/4 - 10 x 21/2
AC3/4X3,allen,3/4,10,3,12.9,imperial,3771.75,trusoni,TORNILLO ALLEN CAB. CILINDRICA CALIDAD 12.9 DIN 912 Cil 3/4 - 10 x 3
AC3/4X31/2,allen,3/4,10,31/2,12.9,imperial,4226.5,trusoni,TORNILLO ALLEN CAB. CILINDRICA CALIDAD 12.9 DIN 912 Cil 3/4 - 10 x 31/2
AC3/4X4,allen,3/4,10,4,12.9,imperial,4681.25,trusoni,TORNILLO ALLEN CAB. CILINDRICA CALIDAD 12.9 DIN 912 Cil 3/4 - 10 x 4
AC3/4X41/2,allen,3/4,10,41/2,12.9,imperial,5671.0,trusoni,TORNILLO ALLEN CAB. CILINDRICA CALIDAD 12.9 DIN 912 Cil 3/4 - 10 x 41/2
AC3/4X5,allen,3/4,10,5,12.9,imperial,5992.0,trusoni,TORNILLO ALLEN CAB. CILINDRICA CALIDAD 12.9 DIN 912 Cil 3/4 - 10 x 5
AC3/4X6,allen,3/4,10,6,12.9,imperial,8560.0,trusoni,TORNILLO ALLEN CAB. CILINDRICA CALIDAD 12.9 DIN 912 Cil 3/4 - 10 x 6
AC3/4X7,allen,3/4,10,7,12.9,imperial,9095.0,trusoni,TORNILLO ALLEN CAB. CILINDRICA CALIDAD 12.9 DIN 912 Cil 3/4 - 10 x 7
AC3/4X8,allen,3/4,10,8,12.9,imperial,10432.5,trusoni,TORNILLO ALLEN CAB. CILINDRICA CALIDAD 12.9 DIN 912 Cil 3/4 - 10 x 8
AC3/4X10,allen,3/4,10,10,12.9,imperial,13375.0,trusoni,TORNILLO ALLEN CAB. CILINDRICA CALIDAD 12.9 DIN 912 Cil 3/4 - 10 x 10
AC7/8X2,allen,7/8,9,2,12.9,imperial,5483.75,trusoni,TORNILLO ALLEN CAB. CILINDRICA CALIDAD 12.9 DIN 912 Cil 7/8 - 9 x 2
AC7/8x21/2,allen,7/8,9,21/2,12.9,imperial,6553.75,trusoni,TORNILLO ALLEN CAB. CILINDRICA CALIDAD 12.9 DIN 912 Cil 7/8 - 9 x 21/2
AC7/8x31/2,allen,7/8,9,31/2,12.9,imperial,8158.75,trusoni,TORNILLO ALLEN CAB. CILINDRICA CALIDAD 12.9 DIN 912 Cil 7/8 - 9 x 31/2
AC7/8X4,allen,7/8,9,4,12.9,imperial,9630.0,trusoni,TORNILLO ALLEN CAB. CILINDRICA CALIDAD 12.9 DIN 912 Cil 7/8 - 9 x 4
AC7/8X41/2,allen,7/8,9,41/2,12.9,imperial,10432.5,trusoni,TORNILLO ALLEN CAB. CILINDRICA CALIDAD 12.9 DIN 912 Cil 7/8 - 9 x 41/2
AC7/8X5,allen,7/8,9,5,12.9,imperial,11903.75,trusoni,TORNILLO ALLEN CAB. CILINDRICA CALIDAD 12.9 DIN 912 Cil 7/8 - 9 x 5
AC7/8X6,allen,7/8,9,6,12.9,imperial,13375.0,trusoni,TORNILLO ALLEN CAB. CILINDRICA CALIDAD 12.9 DIN 912 Cil 7/8 - 9 x 6
AC7/8X7,allen,7/8,9,7,12.9,imperial,14980.0,trusoni,TORNILLO ALLEN CAB. CILINDRICA CALIDAD 12.9 DIN 912 Cil 7/8 - 9 x 7
AC7/8x8,allen,7/8,9,8,12.9,imperial,16478.0,trusoni,TORNILLO ALLEN CAB. CILINDRICA CALIDAD 12.9 DIN 912 Cil 7/8 - 9 x 8
AC1X3,allen,1,8,3,12.9,imperial,9630.0,trusoni,TORNILLO ALLEN CAB. CILINDRICA CALIDAD 12.9 DIN 912 Cil 1 - 8 x 3
AC1x31/2,allen,1,8,31/2,12.9,imperial,11101.25,trusoni,TORNILLO ALLEN CAB. CILINDRICA CALIDAD 12.9 DIN 912 Cil 1 - 8 x 31/2
AC1X4,allen,1,8,4,12.9,imperial,12572.5,trusoni,TORNILLO ALLEN CAB. CILINDRICA CALIDAD 12.9 DIN 912 Cil 1 - 8 x 4
AC1x6,allen,1,8,6,12.9,imperial,16050.0,trusoni,TORNILLO ALLEN CAB. CILINDRICA CALIDAD 12.9 DIN 912 Cil 1 - 8 x 6
AC1X8,allen,1,8,8,12.9,imperial,18725.0,trusoni,TORNILLO ALLEN CAB. CILINDRICA CALIDAD 12.9 DIN 912 Cil 1 - 8 x 8
AC11/4X8,allen,11/4,7,8,12.9,imperial,37450.0,trusoni,TORNILLO ALLEN CAB. CILINDRICA CALIDAD 12.9 DIN 912 Cil 11/4 - 7 x 8
AF3X6,allen,3,0.50,6,10.9,metrico,24.61,trusoni,"TORNILLO ALLEN CAB. FRESADA CALIDAD 10.9 DIN 7991 Fres 3 x 0,50 x 6 10.9"
AF3X8,allen,3,0.50,8,10.9,metrico,25.68,trusoni,"TORNILLO ALLEN CAB. FRESADA CALIDAD 10.9 DIN 7991 Fres 3 x 0,50 x 8 10.9"
AF3X10,allen,3,0.50,10,10.9,metrico,26.75,trusoni,"TORNILLO ALLEN CAB. FRESADA CALIDAD 10.9 DIN 7991 Fres 3 x 0,50 x 10 10.9"
AF3X12,allen,3,0.50,12,10.9,metrico,28.89,trusoni,"TORNILLO ALLEN CAB. FRESADA CALIDAD 10.9 DIN 7991 Fres 3 x 0,50 x 12 10.9"
AF3X16,allen,3,0.50,16,10.9,metrico,32.1,trusoni,"TORNILLO ALLEN CAB. FRESADA CALIDAD 10.9 DIN 7991 Fres 3 x 0,50 x 16 10.9"
AF3X20,allen,3,0.50,20,10.9,metrico,37.45,trusoni,"TORNILLO ALLEN CAB. FRESADA CALIDAD 10.9 DIN 7991 Fres 3 x 0,50 x 20 10.9"
AF3X25,allen,3,0.50,25,10.9,metrico,51.36,trusoni,"TORNILLO ALLEN CAB. FRESADA CALIDAD 10.9 DIN 7991 Fres 3 x 0,50 x 25 10.9"
AF3X30,allen,3,0.50,30,10.9,metrico,58.85,trusoni,"TORNILLO ALLEN CAB. FRESADA CALIDAD 10.9 DIN 7991 Fres 3 x 0,50 x 30 10.9"
AF3X35,allen,3,0.50,35,10.9,metrico,110.21,trusoni,"TORNILLO ALLEN CAB. FRESADA CALIDAD 10.9 DIN 7991 Fres 3 x 0,50 x 35 10.9"
AF3X40,allen,3,0.50,40,10.9,metrico,144.45,trusoni,"TORNILLO ALLEN CAB. FRESADA CALIDAD 10.9 DIN 7991 Fres 3 x 0,50 x 40 10.9"
AF4X8,allen,4,0.70,8,10.9,metrico,37.45,trusoni,"TORNILLO ALLEN CAB. FRESADA CALIDAD 10.9 DIN 7991 Fres 4 x 0,70 x 8 10.9"
AF4X10,allen,4,0.70,10,10.9,metrico,40.66,trusoni,"TORNILLO ALLEN CAB. FRESADA CALIDAD 10.9 DIN 7991 Fres 4 x 0,70 x 10 10.9"
AF4X12,allen,4,0.70,12,10.9,metrico,43.87,trusoni,"TORNILLO ALLEN CAB. FRESADA CALIDAD 10.9 DIN 7991 Fres 4 x 0,70 x 12 10.9"
AF4X16,allen,4,0.70,16,10.9,metrico,49.22,trusoni,"TORNILLO ALLEN CAB. FRESADA CALIDAD 10.9 DIN 7991 Fres 4 x 0,70 x 16 10.9"
AF4X20,allen,4,0.70,20,10.9,metrico,55.64,trusoni,"TORNILLO ALLEN CAB. FRESADA CALIDAD 10.9 DIN 7991 Fres 4 x 0,70 x 20 10.9"
AF4X25,allen,4,0.70,25,10.9,metrico,57.78,trusoni,"TORNILLO ALLEN CAB. FRESADA CALIDAD 10.9 DIN 7991 Fres 4 x 0,70 x 25 10.9"
AF4X30,allen,4,0.70,30,10.9,metrico,81.32,trusoni,"TORNILLO ALLEN CAB. FRESADA CALIDAD 10.9 DIN 7991 Fres 4 x 0,70 x 30 10.9"
AF4X35,allen,4,0.70,35,10.9,metrico,115.56,trusoni,"TORNILLO ALLEN CAB. FRESADA CALIDAD 10.9 DIN 7991 Fres 4 x 0,70 x 35 10.9"
AF4X40,allen,4,0.70,40,10.9,metrico,144.45,trusoni,"TORNILLO ALLEN CAB. FRESADA CALIDAD 10.9 DIN 7991 Fres 4 x 0,70 x 40 10.9"
AF4x50,allen,4,0.70,50,10.9,metrico,168.525,trusoni,"TORNILLO ALLEN CAB. FRESADA CALIDAD 10.9 DIN 7991 Fres 4 x 0,70 x 50 10.9"
AF5X10,allen,5,0.80,10,10.9,metrico,43.87,trusoni,"TORNILLO ALLEN CAB. FRESADA CALIDAD 10.9 DIN 7991 Fres 5 x 0,80 x 10 10.9"
AF5X12,allen,5,0.80,12,10.9,metrico,47.08,trusoni,"TORNILLO ALLEN CAB. FRESADA CALIDAD 10.9 DIN 7991 Fres 5 x 0,80 x 12 10.9"
AF5X16,allen,5,0.80,16,10.9,metrico,52.43,trusoni,"TORNILLO ALLEN CAB. FRESADA CALIDAD 10.9 DIN 7991 Fres 5 x 0,80 x 16 10.9"
AF5X20,allen,5,0.80,20,10.9,metrico,60.99,trusoni,"TORNILLO ALLEN CAB. FRESADA CALIDAD 10.9 DIN 7991 Fres 5 x 0,80 x 20 10.9"
AF5X25,allen,5,0.80,25,10.9,metrico,71.69,trusoni,"TORNILLO ALLEN CAB. FRESADA CALIDAD 10.9 DIN 7991 Fres 5 x 0,80 x 25 10.9"
AF5X30,allen,5,0.80,30,10.9,metrico,81.32,trusoni,"TORNILLO ALLEN CAB. FRESADA CALIDAD 10.9 DIN 7991 Fres 5 x 0,80 x 30 10.9"
AF5X35,allen,5,0.80,35,10.9,metrico,113.42,trusoni,"TORNILLO ALLEN CAB. FRESADA CALIDAD 10.9 DIN 7991 Fres 5 x 0,80 x 35 10.9"
AF5X40,allen,5,0.80,40,10.9,metrico,130.54,trusoni,"TORNILLO ALLEN CAB. FRESADA CALIDAD 10.9 DIN 7991 Fres 5 x 0,80 x 40 10.9"
AF5X50,allen,5,0.80,50,10.9,metrico,202.23,trusoni,"TORNILLO ALLEN CAB. FRESADA CALIDAD 10.9 DIN 7991 Fres 5 x 0,80 x 50 10.9"
AF6X10,allen,6,1.00,10,10.9,metrico,52.43,trusoni,"TORNILLO ALLEN CAB. FRESADA CALIDAD 10.9 DIN 7991 Fres 6 x 1,00 x 10 10.9"
AF6X12,allen,6,1.00,12,10.9,metrico,55.64,trusoni,"TORNILLO ALLEN CAB. FRESADA CALIDAD 10.9 DIN 7991 Fres 6 x 1,00 x 12 10.9"
AF6X16,allen,6,1.00,16,10.9,metrico,57.78,trusoni,"TORNILLO ALLEN CAB. FRESADA CALIDAD 10.9 DIN 7991 Fres 6 x 1,00 x 16 10.9"
AF6X20,allen,6,1.00,20,10.9,metrico,78.11,trusoni,"TORNILLO ALLEN CAB. FRESADA CALIDAD 10.9 DIN 7991 Fres 6 x 1,00 x 20 10.9"
AF6X25,allen,6,1.00,25,10.9,metrico,86.67,trusoni,"TORNILLO ALLEN CAB. FRESADA CALIDAD 10.9 DIN 7991 Fres 6 x 1,00 x 25 10.9"
AF6X30,allen,6,1.00,30,10.9,metrico,107.0,trusoni,"TORNILLO ALLEN CAB. FRESADA CALIDAD 10.9 DIN 7991 Fres 6 x 1,00 x 30 10.9"
AF6X35,allen,6,1.00,35,10.9,metrico,133.75,trusoni,"TORNILLO ALLEN CAB. FRESADA CALIDAD 10.9 DIN 7991 Fres 6 x 1,00 x 35 10.9"
AF6X40,allen,6,1.00,40,10.9,metrico,139.1,trusoni,"TORNILLO ALLEN CAB. FRESADA CALIDAD 10.9 DIN 7991 Fres 6 x 1,00 x 40 10.9"
AF6X50,allen,6,1.00,50,10.9,metrico,217.21,trusoni,"TORNILLO ALLEN CAB. FRESADA CALIDAD 10.9 DIN 7991 Fres 6 x 1,00 x 50 10.9"
AF6X60,allen,6,1.00,60,10.9,metrico,288.9,trusoni,"TORNILLO ALLEN CAB. FRESADA CALIDAD 10.9 DIN 7991 Fres 6 x 1,00 x 60 10.9"
AF8X16,allen,8,1.25,16,10.9,metrico,133.75,trusoni,"TORNILLO ALLEN CAB. FRESADA CALIDAD 10.9 DIN 7991 Fres 8 x 1,25 x 16 10.9"
AF8X20,allen,8,1.25,20,10.9,metrico,136.96,trusoni,"TORNILLO ALLEN CAB. FRESADA CALIDAD 10.9 DIN 7991 Fres 8 x 1,25 x 20 10.9"
AF8X25,allen,8,1.25,25,10.9,metrico,154.08,trusoni,"TORNILLO ALLEN CAB. FRESADA CALIDAD 10.9 DIN 7991 Fres 8 x 1,25 x 25 10.9"
AF8X30,allen,8,1.25,30,10.9,metrico,173.34,trusoni,"TORNILLO ALLEN CAB. FRESADA CALIDAD 10.9 DIN 7991 Fres 8 x 1,25 x 30 10.9"
AF8X35,allen,8,1.25,35,10.9,metrico,208.65,trusoni,"TORNILLO ALLEN CAB. FRESADA CALIDAD 10.9 DIN 7991 Fres 8 x 1,25 x 35 10.9"
AF8X40,allen,8,1.25,40,10.9,metrico,228.98,trusoni,"TORNILLO ALLEN CAB. FRESADA CALIDAD 10.9 DIN 7991 Fres 8 x 1,25 x 40 10.9"
AF8X50,allen,8,1.25,50,10.9,metrico,317.79,trusoni,"TORNILLO ALLEN CAB. FRESADA CALIDAD 10.9 DIN 7991 Fres 8 x 1,25 x 50 10.9"
AF8X60,allen,8,1.25,60,10.9,metrico,404.46,trusoni,"TORNILLO ALLEN CAB. FRESADA CALIDAD 10.9 DIN 7991 Fres 8 x 1,25 x 60 10.9"
AF8X70,allen,8,1.25,70,10.9,metrico,548.91,trusoni,"TORNILLO ALLEN CAB. FRESADA CALIDAD 10.9 DIN 7991 Fres 8 x 1,25 x 70 10.9"
AF8X80,allen,8,1.25,80,10.9,metrico,664.47,trusoni,"TORNILLO ALLEN CAB. FRESADA CALIDAD 10.9 DIN 7991 Fres 8 x 1,25 x 80 10.9"
AF8X90,allen,8,1.25,90,10.9,metrico,1040.04,trusoni,"TORNILLO ALLEN CAB. FRESADA CALIDAD 10.9 DIN 7991 Fres 8 x 1,25 x 90 10.9"
AF8X100,allen,8,1.25,100,10.9,metrico,1126.71,trusoni,"TORNILLO ALLEN CAB. FRESADA CALIDAD 10.9 DIN 7991 Fres 8 x 1,25 x 100 10.9"
AF10X20,allen,10,1.50,20,10.9,metrico,346.68,trusoni,"TORNILLO ALLEN CAB. FRESADA CALIDAD 10.9 DIN 7991 Fres 10 x 1,50 x 20 10.9"
AF10X25,allen,10,1.50,25,10.9,metrico,393.225,trusoni,"TORNILLO ALLEN CAB. FRESADA CALIDAD 10.9 DIN 7991 Fres 10 x 1,50 x 25 10.9"
AF10X30,allen,10,1.50,30,10.9,metrico,428.0,trusoni,"TORNILLO ALLEN CAB. FRESADA CALIDAD 10.9 DIN 7991 Fres 10 x 1,50 x 30 10.9"
AF10X35,allen,10,1.50,35,10.9,metrico,439.77,trusoni,"TORNILLO ALLEN CAB. FRESADA CALIDAD 10.9 DIN 7991 Fres 10 x 1,50 x 35 10.9"
AF10X40,allen,10,1.50,40,10.9,metrico,462.24,trusoni,"TORNILLO ALLEN CAB. FRESADA CALIDAD 10.9 DIN 7991 Fres 10 x 1,50 x 40 10.9"
AF10X50,allen,10,1.50,50,10.9,metrico,548.91,trusoni,"TORNILLO ALLEN CAB. FRESADA CALIDAD 10.9 DIN 7991 Fres 10 x 1,50 x 50 10.9"
AF10X60,allen,10,1.50,60,10.9,metrico,606.69,trusoni,"TORNILLO ALLEN CAB. FRESADA CALIDAD 10.9 DIN 7991 Fres 10 x 1,50 x 60 10.9"
AF10X70,allen,10,1.50,70,10.9,metrico,866.7,trusoni,"TORNILLO ALLEN CAB. FRESADA CALIDAD 10.9 DIN 7991 Fres 10 x 1,50 x 70 10.9"
AF10X80,allen,10,1.50,80,10.9,metrico,1040.04,trusoni,"TORNILLO ALLEN CAB. FRESADA CALIDAD 10.9 DIN 7991 Fres 10 x 1,50 x 80 10.9"
AF10X90,allen,10,1.50,90,10.9,metrico,1386.72,trusoni,"TORNILLO ALLEN CAB. FRESADA CALIDAD 10.9 DIN 7991 Fres 10 x 1,50 x 90 10.9"
AF10X100,allen,10,1.50,100,10.9,metrico,1502.28,trusoni,"TORNILLO ALLEN CAB. FRESADA CALIDAD 10.9 DIN 7991 Fres 10 x 1,50 x 100 10.9"
AF12X25,allen,12,1.75,25,10.9,metrico,393.76,trusoni,"TORNILLO ALLEN CAB. FRESADA CALIDAD 10.9 DIN 7991 Fres 12 x 1,75 x 25 10.9"
AF12X30,allen,12,1.75,30,10.9,metrico,572.45,trusoni,"TORNILLO ALLEN CAB. FRESADA CALIDAD 10.9 DIN 7991 Fres 12 x 1,75 x 30 10.9"
AF12X35,allen,12,1.75,35,10.9,metrico,635.58,trusoni,"TORNILLO ALLEN CAB. FRESADA CALIDAD 10.9 DIN 7991 Fres 12 x 1,75 x 35 10.9"
AF12X40,allen,12,1.75,40,10.9,metrico,664.47,trusoni,"TORNILLO ALLEN CAB. FRESADA CALIDAD 10.9 DIN 7991 Fres 12 x 1,75 x 40 10.9"
AF12X50,allen,12,1.75,50,10.9,metrico,751.14,trusoni,"TORNILLO ALLEN CAB. FRESADA CALIDAD 10.9 DIN 7991 Fres 12 x 1,75 x 50 10.9"
AF12X60,allen,12,1.75,60,10.9,metrico,924.48,trusoni,"TORNILLO ALLEN CAB. FRESADA CALIDAD 10.9 DIN 7991 Fres 12 x 1,75 x 60 10.9"
AF12X70,allen,12,1.75,70,10.9,metrico,1040.04,trusoni,"TORNILLO ALLEN CAB. FRESADA CALIDAD 10.9 DIN 7991 Fres 12 x 1,75 x 70 10.9"
AF12X80,allen,12,1.75,80,10.9,metrico,1242.27,trusoni,"TORNILLO ALLEN CAB. FRESADA CALIDAD 10.9 DIN 7991 Fres 12 x 1,75 x 80 10.9"
AF12x85,allen,12,1.75,85,10.9,metrico,2022.3,trusoni,"TORNILLO ALLEN CAB. FRESADA CALIDAD 10.9 DIN 7991 Fres 12 x 1,75 x 85 10.9"
AF12X90,allen,12,1.75,90,10.9,metrico,2166.75,trusoni,"TORNILLO ALLEN CAB. FRESADA CALIDAD 10.9 DIN 7991 Fres 12 x 1,75 x 90 10.9"
AF12X100,allen,12,1.75,100,10.9,metrico,2744.55,trusoni,"TORNILLO ALLEN CAB. FRESADA CALIDAD 10.9 DIN 7991 Fres 12 x 1,75 x 100 10.9"
AF16X30,allen,16,2.00,30,10.9,metrico,924.48,trusoni,"TORNILLO ALLEN CAB. FRESADA CALIDAD 10.9 DIN 7991 Fres 16 x 2,00 x 30 10.9"
AF16X35,allen,16,2.00,35,10.9,metrico,1040.04,trusoni,"TORNILLO ALLEN CAB. FRESADA CALIDAD 10.9 DIN 7991 Fres 16 x 2,00 x 35 10.9"
AF16X40,allen,16,2.00,40,10.9,metrico,1242.27,trusoni,"TORNILLO ALLEN CAB. FRESADA CALIDAD 10.9 DIN 7991 Fres 16 x 2,00 x 40 10.9"
AF16X50,allen,16,2.00,50,10.9,metrico,1444.5,trusoni,"TORNILLO ALLEN CAB. FRESADA CALIDAD 10.9 DIN 7991 Fres 16 x 2,00 x 50 10.9"
AF16X60,allen,16,2.00,60,10.9,metrico,1733.4,trusoni,"TORNILLO ALLEN CAB. FRESADA CALIDAD 10.9 DIN 7991 Fres 16 x 2,00 x 60 10.9"
AF16X70,allen,16,2.00,70,10.9,metrico,2166.75,trusoni,"TORNILLO ALLEN CAB. FRESADA CALIDAD 10.9 DIN 7991 Fres 16 x 2,00 x 70 10.9"
AF16X80,allen,16,2.00,80,10.9,metrico,2455.65,trusoni,"TORNILLO ALLEN CAB. FRESADA CALIDAD 10.9 DIN 7991 Fres 16 x 2,00 x 80 10.9"
AF20X40,allen,20,2.50,40,10.9,metrico,2628.99,trusoni,"TORNILLO ALLEN CAB. FRESADA CALIDAD 10.9 DIN 7991 Fres 20 x 2,50 x 40 10.9"
AF20X50,allen,20,2.50,50,10.9,metrico,2889.0,trusoni,"TORNILLO ALLEN CAB. FRESADA CALIDAD 10.9 DIN 7991 Fres 20 x 2,50 x 50 10.9"
AF20X60,allen,20,2.50,60,10.9,metrico,3177.9,trusoni,"TORNILLO ALLEN CAB. FRESADA CALIDAD 10.9 DIN 7991 Fres 20 x 2,50 x 60 10.9"
AF20X70,allen,20,2.50,70,10.9,metrico,3755.7,trusoni,"TORNILLO ALLEN CAB. FRESADA CALIDAD 10.9 DIN 7991 Fres 20 x 2,50 x 70 10.9"
AF20X80,allen,20,2.50,80,10.9,metrico,4477.95,trusoni,"TORNILLO ALLEN CAB. FRESADA CALIDAD 10.9 DIN 7991 Fres 20 x 2,50 x 80 10.9"
AF20X90,allen,20,2.50,90,10.9,metrico,4911.3,trusoni,"TORNILLO ALLEN CAB. FRESADA CALIDAD 10.9 DIN 7991 Fres 20 x 2,50 x 90 10.9"
AF20X100,allen,20,2.50,100,10.9,metrico,8089.2,trusoni,"TORNILLO ALLEN CAB. FRESADA CALIDAD 10.9 DIN 7991 Fres 20 x 2,50 x 100 10.9"
CÓDIGO,allen,,,,10.9,metrico,,trusoni,TORNILLO ALLEN CAB. FRESADA CALIDAD 10.9 DIN 7991 DESCRIPCIÓN
AF1/8X3/8,allen,1/8,40,3/8,10.9,imperial,217.21,trusoni,TORNILLO ALLEN CAB. FRESADA CALIDAD 10.9 DIN 7991 Fres 1/8 - 40 x 3/8
AF1/8X1/2,allen,1/8,40,1/2,10.9,imperial,221.49,trusoni,TORNILLO ALLEN CAB. FRESADA CALIDAD 10.9 DIN 7991 Fres 1/8 - 40 x 1/2
AF1/8X5/8,allen,1/8,40,5/8,10.9,imperial,227.91,trusoni,TORNILLO ALLEN CAB. FRESADA CALIDAD 10.9 DIN 7991 Fres 1/8 - 40 x 5/8
AF1/8X3/4,allen,1/8,40,3/4,10.9,imperial,240.75,trusoni,TORNILLO ALLEN CAB. FRESADA CALIDAD 10.9 DIN 7991 Fres 1/8 - 40 x 3/4
AF3/16X3/8,allen,3/16,24,3/8,10.9,imperial,89.88,trusoni,TORNILLO ALLEN CAB. FRESADA CALIDAD 10.9 DIN 7991 Fres 3/16 - 24 x 3/8
AF3/16X1/2,allen,3/16,24,1/2,10.9,imperial,93.09,trusoni,TORNILLO ALLEN CAB. FRESADA CALIDAD 10.9 DIN 7991 Fres 3/16 - 24 x 1/2
AF3/16X5/8,allen,3/16,24,5/8,10.9,imperial,95.23,trusoni,TORNILLO ALLEN CAB. FRESADA CALIDAD 10.9 DIN 7991 Fres 3/16 - 24 x 5/8
AF3/16X3/4,allen,3/16,24,3/4,10.9,imperial,104.86,trusoni,TORNILLO ALLEN CAB. FRESADA CALIDAD 10.9 DIN 7991 Fres 3/16 - 24 x 3/4
AF3/16X1 ,allen,3/16,24,1,10.9,imperial,121.98,trusoni,TORNILLO ALLEN CAB. FRESADA CALIDAD 10.9 DIN 7991 Fres 3/16 - 24 x 1
AF3/16X11/4,allen,3/16,24,11/4,10.9,imperial,127.33,trusoni,TORNILLO ALLEN CAB. FRESADA CALIDAD 10.9 DIN 7991 Fres 3/16 - 24 x 11/4
AF1/4X3/8,allen,1/4,20,3/8,10.9,imperial,84.53,trusoni,TORNILLO ALLEN CAB. FRESADA CALIDAD 10.9 DIN 7991 Fres 1/4 - 20 x 3/8
AF1/4X1/2,allen,1/4,20,1/2,10.9,imperial,86.67,trusoni,TORNILLO ALLEN CAB. FRESADA CALIDAD 10.9 DIN 7991 Fres 1/4 - 20 x 1/2
AF1/4X5/8,allen,1/4,20,5/8,10.9,imperial,104.86,trusoni,TORNILLO ALLEN CAB. FRESADA CALIDAD 10.9 DIN 7991 Fres 1/4 - 20 x 5/8
AF1/4X3/4,allen,1/4,20,3/4,10.9,imperial,110.21,trusoni,TORNILLO ALLEN CAB. FRESADA CALIDAD 10.9 DIN 7991 Fres 1/4 - 20 x 3/4
AF1/4X1 ,allen,1/4,20,1,10.9,imperial,118.77,trusoni,TORNILLO ALLEN CAB. FRESADA CALIDAD 10.9 DIN 7991 Fres 1/4 - 20 x 1
AF1/4X11/4,allen,1/4,20,11/4,10.9,imperial,142.31,trusoni,TORNILLO ALLEN CAB. FRESADA CALIDAD 10.9 DIN 7991 Fres 1/4 - 20 x 11/4
AF1/4X11/2,allen,1/4,20,11/2,10.9,imperial,171.2,trusoni,TORNILLO ALLEN CAB. FRESADA CALIDAD 10.9 DIN 7991 Fres 1/4 - 20 x 11/2
AF1/4X13/4,allen,1/4,20,13/4,10.9,imperial,208.65,trusoni,TORNILLO ALLEN CAB. FRESADA CALIDAD 10.9 DIN 7991 Fres 1/4 - 20 x 13/4
AF1/4X2,allen,1/4,20,2,10.9,imperial,249.31,trusoni,TORNILLO ALLEN CAB. FRESADA CALIDAD 10.9 DIN 7991 Fres 1/4 - 20 x 2
AF5/16X1/2,allen,5/16,18,1/2,10.9,imperial,169.06,trusoni,TORNILLO ALLEN CAB. FRESADA CALIDAD 10.9 DIN 7991 Fres 5/16 - 18 x 1/2
AF5/16X5/8,allen,5/16,18,5/8,10.9,imperial,175.48,trusoni,TORNILLO ALLEN CAB. FRESADA CALIDAD 10.9 DIN 7991 Fres 5/16 - 18 x 5/8
AF5/16X3/4,allen,5/16,18,3/4,10.9,imperial,179.76,trusoni,TORNILLO ALLEN CAB. FRESADA CALIDAD 10.9 DIN 7991 Fres 5/16 - 18 x 3/4
AF5/16X1 ,allen,5/16,18,1,10.9,imperial,187.25,trusoni,TORNILLO ALLEN CAB. FRESADA CALIDAD 10.9 DIN 7991 Fres 5/16 - 18 x 1
AF5/16X11/4,allen,5/16,18,11/4,10.9,imperial,227.91,trusoni,TORNILLO ALLEN CAB. FRESADA CALIDAD 10.9 DIN 7991 Fres 5/16 - 18 x 11/4
AF5/16X11/2,allen,5/16,18,11/2,10.9,imperial,260.01,trusoni,TORNILLO ALLEN CAB. FRESADA CALIDAD 10.9 DIN 7991 Fres 5/16 - 18 x 11/2
AF5/16X13/4,allen,5/16,18,13/4,10.9,imperial,347.75,trusoni,TORNILLO ALLEN CAB. FRESADA CALIDAD 10.9 DIN 7991 Fres 5/16 - 18 x 13/4
AF5/16X2,allen,5/16,18,2,10.9,imperial,374.5,trusoni,TORNILLO ALLEN CAB. FRESADA CALIDAD 10.9 DIN 7991 Fres 5/16 - 18 x 2
AF3/8X1/2,allen,3/8,16,1/2,10.9,imperial,267.5,trusoni,TORNILLO ALLEN CAB. FRESADA CALIDAD 10.9 DIN 7991 Fres 3/8 - 16 x 1/2
AF3/8X5/8,allen,3/8,16,5/8,10.9,imperial,272.85,trusoni,TORNILLO ALLEN CAB. FRESADA CALIDAD 10.9 DIN 7991 Fres 3/8 - 16 x 5/8
AF3/8X3/4,allen,3/8,16,3/4,10.9,imperial,278.2,trusoni,TORNILLO ALLEN CAB. FRESADA CALIDAD 10.9 DIN 7991 Fres 3/8 - 16 x 3/4
AF3/8X1 ,allen,3/8,16,1,10.9,imperial,313.51,trusoni,TORNILLO ALLEN CAB. FRESADA CALIDAD 10.9 DIN 7991 Fres 3/8 - 16 x 1
AF3/8X11/4,allen,3/8,16,11/4,10.9,imperial,345.61,trusoni,TORNILLO ALLEN CAB. FRESADA CALIDAD 10.9 DIN 7991 Fres 3/8 - 16 x 11/4
AF3/8X11/2,allen,3/8,16,11/2,10.9,imperial,411.95,trusoni,TORNILLO ALLEN CAB. FRESADA CALIDAD 10.9 DIN 7991 Fres 3/8 - 16 x 11/2
AF3/8X2,allen,3/8,16,2,10.9,imperial,497.55,trusoni,TORNILLO ALLEN CAB. FRESADA CALIDAD 10.9 DIN 7991 Fres 3/8 - 16 x 2
AF3/8X21/2,allen,3/8,16,21/2,10.9,imperial,613.11,trusoni,TORNILLO ALLEN CAB. FRESADA CALIDAD 10.9 DIN 7991 Fres 3/8 - 16 x 21/2
AF3/8X3 ,allen,3/8,16,3,10.9,imperial,789.66,trusoni,TORNILLO ALLEN CAB. FRESADA CALIDAD 10.9 DIN 7991 Fres 3/8 - 16 x 3
AFW1/2X11/2,allen,1/2,12,11/2,10.9,imperial,1605.0,trusoni,TORNILLO ALLEN CAB. FRESADA CALIDAD 10.9 DIN 7991 Fres 1/2 - 12 x 11/2
AF1/2X3/4,allen,1/2,13,3/4,10.9,imperial,1123.5,trusoni,TORNILLO ALLEN CAB. FRESADA CALIDAD 10.9 DIN 7991 Fres 1/2 - 13 x 3/4
AF1/2X1 ,allen,1/2,13,1,10.9,imperial,1230.5,trusoni,TORNILLO ALLEN CAB. FRESADA CALIDAD 10.9 DIN 7991 Fres 1/2 - 13 x 1
AF1/2X11/4,allen,1/2,13,11/4,10.9,imperial,1417.75,trusoni,TORNILLO ALLEN CAB. FRESADA CALIDAD 10.9 DIN 7991 Fres 1/2 - 13 x 11/4
AF1/2X11/2,allen,1/2,13,11/2,10.9,imperial,1631.75,trusoni,TORNILLO ALLEN CAB. FRESADA CALIDAD 10.9 DIN 7991 Fres 1/2 - 13 x 11/2
AF1/2X2,allen,1/2,13,2,10.9,imperial,1877.85,trusoni,TORNILLO ALLEN CAB. FRESADA CALIDAD 10.9 DIN 7991 Fres 1/2 - 13 x 2
AF1/2X21/2,allen,1/2,13,21/2,10.9,imperial,2407.5,trusoni,TORNILLO ALLEN CAB. FRESADA CALIDAD 10.9 DIN 7991 Fres 1/2 - 13 x 21/2
AF1/2X3 ,allen,1/2,13,3,10.9,imperial,2675.0,trusoni,TORNILLO ALLEN CAB. FRESADA CALIDAD 10.9 DIN 7991 Fres 1/2 - 13 x 3
GA3X4,allen,3,0.50,4,12.9,metrico,31.03,trusoni,"TORNILLO ALLEN SIN CABEZA 12.9 DIN 916 Sin Cabeza 3 x 0,50 x 4 12.9"
GA3X5,allen,3,0.50,5,12.9,metrico,32.1,trusoni,"TORNILLO ALLEN SIN CABEZA 12.9 DIN 916 Sin Cabeza 3 x 0,50 x 5 12.9"
GA3X6,allen,3,0.50,6,12.9,metrico,33.17,trusoni,"TORNILLO ALLEN SIN CABEZA 12.9 DIN 916 Sin Cabeza 3 x 0,50 x 6 12.9"
GA3X8,allen,3,0.50,8,12.9,metrico,35.31,trusoni,"TORNILLO ALLEN SIN CABEZA 12.9 DIN 916 Sin Cabeza 3 x 0,50 x 8 12.9"
GA3X10,allen,3,0.50,10,12.9,metrico,37.45,trusoni,"TORNILLO ALLEN SIN CABEZA 12.9 DIN 916 Sin Cabeza 3 x 0,50 x 10 12.9"
GA3X12,allen,3,0.50,12,12.9,metrico,55.64,trusoni,"TORNILLO ALLEN SIN CABEZA 12.9 DIN 916 Sin Cabeza 3 x 0,50 x 12 12.9"
GA3X16,allen,3,0.50,16,12.9,metrico,60.99,trusoni,"TORNILLO ALLEN SIN CABEZA 12.9 DIN 916 Sin Cabeza 3 x 0,50 x 16 12.9"
GA3X20,allen,3,0.50,20,12.9,metrico,115.56,trusoni,"TORNILLO ALLEN SIN CABEZA 12.9 DIN 916 Sin Cabeza 3 x 0,50 x 20 12.9"
GA4X4,allen,4,0.70,4,12.9,metrico,22.47,trusoni,"TORNILLO ALLEN SIN CABEZA 12.9 DIN 916 Sin Cabeza 4 x 0,70 x 4 12.9"
GA4X5,allen,4,0.70,5,12.9,metrico,23.54,trusoni,"TORNILLO ALLEN SIN CABEZA 12.9 DIN 916 Sin Cabeza 4 x 0,70 x 5 12.9"
GA4X6,allen,4,0.70,6,12.9,metrico,24.61,trusoni,"TORNILLO ALLEN SIN CABEZA 12.9 DIN 916 Sin Cabeza 4 x 0,70 x 6 12.9"
GA4X8,allen,4,0.70,8,12.9,metrico,26.75,trusoni,"TORNILLO ALLEN SIN CABEZA 12.9 DIN 916 Sin Cabeza 4 x 0,70 x 8 12.9"
GA4X10,allen,4,0.70,10,12.9,metrico,37.45,trusoni,"TORNILLO ALLEN SIN CABEZA 12.9 DIN 916 Sin Cabeza 4 x 0,70 x 10 12.9"
GA4X12,allen,4,0.70,12,12.9,metrico,47.08,trusoni,"TORNILLO ALLEN SIN CABEZA 12.9 DIN 916 Sin Cabeza 4 x 0,70 x 12 12.9"
GA4X16,allen,4,0.70,16,12.9,metrico,69.55,trusoni,"TORNILLO ALLEN SIN CABEZA 12.9 DIN 916 Sin Cabeza 4 x 0,70 x 16 12.9"
GA4X20,allen,4,0.70,20,12.9,metrico,84.53,trusoni,"TORNILLO ALLEN SIN CABEZA 12.9 DIN 916 Sin Cabeza 4 x 0,70 x 20 12.9"
GA4X25,allen,4,0.70,25,12.9,metrico,144.45,trusoni,"TORNILLO ALLEN SIN CABEZA 12.9 DIN 916 Sin Cabeza 4 x 0,70 x 25 12.9"
GA5X5,allen,5,0.80,5,12.9,metrico,32.1,trusoni,"TORNILLO ALLEN SIN CABEZA 12.9 DIN 916 Sin Cabeza 5 x 0,80 x 5 12.9"
GA5X6,allen,5,0.80,6,12.9,metrico,33.17,trusoni,"TORNILLO ALLEN SIN CABEZA 12.9 DIN 916 Sin Cabeza 5 x 0,80 x 6 12.9"
GA5X8,allen,5,0.80,8,12.9,metrico,35.31,trusoni,"TORNILLO ALLEN SIN CABEZA 12.9 DIN 916 Sin Cabeza 5 x 0,80 x 8 12.9"
GA5X10,allen,5,0.80,10,12.9,metrico,40.66,trusoni,"TORNILLO ALLEN SIN CABEZA 12.9 DIN 916 Sin Cabeza 5 x 0,80 x 10 12.9"
GA5X12,allen,5,0.80,12,12.9,metrico,43.87,trusoni,"TORNILLO ALLEN SIN CABEZA 12.9 DIN 916 Sin Cabeza 5 x 0,80 x 12 12.9"
GA5X16,allen,5,0.80,16,12.9,metrico,72.76,trusoni,"TORNILLO ALLEN SIN CABEZA 12.9 DIN 916 Sin Cabeza 5 x 0,80 x 16 12.9"
GA5X20,allen,5,0.80,20,12.9,metrico,86.67,trusoni,"TORNILLO ALLEN SIN CABEZA 12.9 DIN 916 Sin Cabeza 5 x 0,80 x 20 12.9"
GA5X25,allen,5,0.80,25,12.9,metrico,113.42,trusoni,"TORNILLO ALLEN SIN CABEZA 12.9 DIN 916 Sin Cabeza 5 x 0,80 x 25 12.9"
GA5X30,allen,5,0.80,30,12.9,metrico,130.54,trusoni,"TORNILLO ALLEN SIN CABEZA 12.9 DIN 916 Sin Cabeza 5 x 0,80 x 30 12.9"
GA5X35,allen,5,0.80,35,12.9,metrico,154.08,trusoni,"TORNILLO ALLEN SIN CABEZA 12.9 DIN 916 Sin Cabeza 5 x 0,80 x 35 12.9"
GA5X50,allen,5,0.80,50,12.9,metrico,205.44,trusoni,"TORNILLO ALLEN SIN CABEZA 12.9 DIN 916 Sin Cabeza 5 x 0,80 x 50 12.9"
GA6X6,allen,6,1.00,6,12.9,metrico,32.1,trusoni,"TORNILLO ALLEN SIN CABEZA 12.9 DIN 916 Sin Cabeza 6 x 1,00 x 6 12.9"
GA6X8,allen,6,1.00,8,12.9,metrico,39.59,trusoni,"TORNILLO ALLEN SIN CABEZA 12.9 DIN 916 Sin Cabeza 6 x 1,00 x 8 12.9"
GA6X10,allen,6,1.00,10,12.9,metrico,43.87,trusoni,"TORNILLO ALLEN SIN CABEZA 12.9 DIN 916 Sin Cabeza 6 x 1,00 x 10 12.9"
GA6X12,allen,6,1.00,12,12.9,metrico,52.43,trusoni,"TORNILLO ALLEN SIN CABEZA 12.9 DIN 916 Sin Cabeza 6 x 1,00 x 12 12.9"
GA6X16,allen,6,1.00,16,12.9,metrico,81.32,trusoni,"TORNILLO ALLEN SIN CABEZA 12.9 DIN 916 Sin Cabeza 6 x 1,00 x 16 12.9"
GA6X20,allen,6,1.00,20,12.9,metrico,96.3,trusoni,"TORNILLO ALLEN SIN CABEZA 12.9 DIN 916 Sin Cabeza 6 x 1,00 x 20 12.9"
GA6X25,allen,6,1.00,25,12.9,metrico,133.75,trusoni,"TORNILLO ALLEN SIN CABEZA 12.9 DIN 916 Sin Cabeza 6 x 1,00 x 25 12.9"
GA6X30,allen,6,1.00,30,12.9,metrico,155.15,trusoni,"TORNILLO ALLEN SIN CABEZA 12.9 DIN 916 Sin Cabeza 6 x 1,00 x 30 12.9"
GA6X35,allen,6,1.00,35,12.9,metrico,173.34,trusoni,"TORNILLO ALLEN SIN CABEZA 12.9 DIN 916 Sin Cabeza 6 x 1,00 x 35 12.9"
GA6X40,allen,6,1.00,40,12.9,metrico,260.01,trusoni,"TORNILLO ALLEN SIN CABEZA 12.9 DIN 916 Sin Cabeza 6 x 1,00 x 40 12.9"
GA6X50,allen,6,1.00,50,12.9,metrico,401.25,trusoni,"TORNILLO ALLEN SIN CABEZA 12.9 DIN 916 Sin Cabeza 6 x 1,00 x 50 12.9"
GA6X60,allen,6,1.00,60,12.9,metrico,535.0,trusoni,"TORNILLO ALLEN SIN CABEZA 12.9 DIN 916 Sin Cabeza 6 x 1,00 x 60 12.9"
GA6X70,allen,6,1.00,70,12.9,metrico,588.5,trusoni,"TORNILLO ALLEN SIN CABEZA 12.9 DIN 916 Sin Cabeza 6 x 1,00 x 70 12.9"
GA8x6 ,allen,8,1.25,6,12.9,metrico,62.06,trusoni,"TORNILLO ALLEN SIN CABEZA 12.9 DIN 916 Sin Cabeza 8 x 1,25 x 6 12.9"
GA8X8,allen,8,1.25,8,12.9,metrico,64.2,trusoni,"TORNILLO ALLEN SIN CABEZA 12.9 DIN 916 Sin Cabeza 8 x 1,25 x 8 12.9"
GA8X10,allen,8,1.25,10,12.9,metrico,69.55,trusoni,"TORNILLO ALLEN SIN CABEZA 12.9 DIN 916 Sin Cabeza 8 x 1,25 x 10 12.9"
GA8X12,allen,8,1.25,12,12.9,metrico,74.9,trusoni,"TORNILLO ALLEN SIN CABEZA 12.9 DIN 916 Sin Cabeza 8 x 1,25 x 12 12.9"
GA8X16,allen,8,1.25,16,12.9,metrico,104.86,trusoni,"TORNILLO ALLEN SIN CABEZA 12.9 DIN 916 Sin Cabeza 8 x 1,25 x 16 12.9"
GA8X20,allen,8,1.25,20,12.9,metrico,135.89,trusoni,"TORNILLO ALLEN SIN CABEZA 12.9 DIN 916 Sin Cabeza 8 x 1,25 x 20 12.9"
GA8X25,allen,8,1.25,25,12.9,metrico,149.8,trusoni,"TORNILLO ALLEN SIN CABEZA 12.9 DIN 916 Sin Cabeza 8 x 1,25 x 25 12.9"
GA8X30,allen,8,1.25,30,12.9,metrico,190.46,trusoni,"TORNILLO ALLEN SIN CABEZA 12.9 DIN 916 Sin Cabeza 8 x 1,25 x 30 12.9"
GA8X35,allen,8,1.25,35,12.9,metrico,283.55,trusoni,"TORNILLO ALLEN SIN CABEZA 12.9 DIN 916 Sin Cabeza 8 x 1,25 x 35 12.9"
GA8X40,allen,8,1.25,40,12.9,metrico,318.86,trusoni,"TORNILLO ALLEN SIN CABEZA 12.9 DIN 916 Sin Cabeza 8 x 1,25 x 40 12.9"
GA8X50,allen,8,1.25,50,12.9,metrico,492.2,trusoni,"TORNILLO ALLEN SIN CABEZA 12.9 DIN 916 Sin Cabeza 8 x 1,25 x 50 12.9"
GA8X60,allen,8,1.25,60,12.9,metrico,802.5,trusoni,"TORNILLO ALLEN SIN CABEZA 12.9 DIN 916 Sin Cabeza 8 x 1,25 x 60 12.9"
GA8X70,allen,8,1.25,70,12.9,metrico,936.25,trusoni,"TORNILLO ALLEN SIN CABEZA 12.9 DIN 916 Sin Cabeza 8 x 1,25 x 70 12.9"
GA8X80,allen,1,1.25,80,12.9,metrico,1070.0,trusoni,"TORNILLO ALLEN SIN CABEZA 12.9 DIN 916 Sin Cabeza 8 1 x1,25 x 80 12.9"
GA10X10,allen,10,1.50,10,12.9,metrico,118.77,trusoni,"TORNILLO ALLEN SIN CABEZA 12.9 DIN 916 Sin Cabeza 10 x 1,50 x 10 12.9"
GA10X12,allen,10,1.50,12,12.9,metrico,130.54,trusoni,"TORNILLO ALLEN SIN CABEZA 12.9 DIN 916 Sin Cabeza 10 x 1,50 x 12 12.9"
GA10X16,allen,10,1.50,16,12.9,metrico,200.09,trusoni,"TORNILLO ALLEN SIN CABEZA 12.9 DIN 916 Sin Cabeza 10 x 1,50 x 16 12.9"
GA10X20,allen,10,1.50,20,12.9,metrico,246.1,trusoni,"TORNILLO ALLEN SIN CABEZA 12.9 DIN 916 Sin Cabeza 10 x 1,50 x 20 12.9"
GA10X25,allen,10,1.50,25,12.9,metrico,310.3,trusoni,"TORNILLO ALLEN SIN CABEZA 12.9 DIN 916 Sin Cabeza 10 x 1,50 x 25 12.9"
GA10X30,allen,10,1.50,30,12.9,metrico,374.5,trusoni,"TORNILLO ALLEN SIN CABEZA 12.9 DIN 916 Sin Cabeza 10 x 1,50 x 30 12.9"
GA10X35,allen,10,1.50,35,12.9,metrico,497.55,trusoni,"TORNILLO ALLEN SIN CABEZA 12.9 DIN 916 Sin Cabeza 10 x 1,50 x 35 12.9"
GA10X40,allen,10,1.50,40,12.9,metrico,554.26,trusoni,"TORNILLO ALLEN SIN CABEZA 12.9 DIN 916 Sin Cabeza 10 x 1,50 x 40 12.9"
GA10X50,allen,10,1.50,50,12.9,metrico,695.5,trusoni,"TORNILLO ALLEN SIN CABEZA 12.9 DIN 916 Sin Cabeza 10 x 1,50 x 50 12.9"
GA10X60,allen,10,1.50,60,12.9,metrico,1016.5,trusoni,"TORNILLO ALLEN SIN CABEZA 12.9 DIN 916 Sin Cabeza 10 x1,50 x 60 12.9"
GA10X70,allen,10,1.50,70,12.9,metrico,1284.0,trusoni,"TORNILLO ALLEN SIN CABEZA 12.9 DIN 916 Sin Cabeza 10 x 1,50 x 70 12.9"
GA10X80,allen,10,1.50,80,12.9,metrico,1551.5,trusoni,"TORNILLO ALLEN SIN CABEZA 12.9 DIN 916 Sin Cabeza 10 x 1,50 x 80 12.9"
GA12X12,allen,12,1.75,12,12.9,metrico,211.86,trusoni,"TORNILLO ALLEN SIN CABEZA 12.9 DIN 916 Sin Cabeza 12 x 1,75 x 12 12.9"
GA12X16,allen,12,1.75,16,12.9,metrico,262.15,trusoni,"TORNILLO ALLEN SIN CABEZA 12.9 DIN 916 Sin Cabeza 12 x 1,75 x 16 12.9"
GA12X20,allen,12,1.75,20,12.9,metrico,340.26,trusoni,"TORNILLO ALLEN SIN CABEZA 12.9 DIN 916 Sin Cabeza 12 x 1,75 x 20 12.9"
GA12X25,allen,12,1.75,25,12.9,metrico,436.56,trusoni,"TORNILLO ALLEN SIN CABEZA 12.9 DIN 916 Sin Cabeza 12 x 1,75 x 25 12.9"
GA12X30,allen,12,1.75,30,12.9,metrico,540.35,trusoni,"TORNILLO ALLEN SIN CABEZA 12.9 DIN 916 Sin Cabeza 12 x 1,75 x 30 12.9"
GA12X35,allen,12,1.75,35,12.9,metrico,664.47,trusoni,"TORNILLO ALLEN SIN CABEZA 12.9 DIN 916 Sin Cabeza 12 x 1,75 x 35 12.9"
GA12X40,allen,12,1.75,40,12.9,metrico,766.12,trusoni,"TORNILLO ALLEN SIN CABEZA 12.9 DIN 916 Sin Cabeza 12 x 1,75 x 40 12.9"
GA12X50,allen,12,1.75,50,12.9,metrico,989.75,trusoni,"TORNILLO ALLEN SIN CABEZA 12.9 DIN 916 Sin Cabeza 12 x 1,75 x 50 12.9"
GA12X60,allen,12,1.75,60,12.9,metrico,1300.05,trusoni,"TORNILLO ALLEN SIN CABEZA 12.9 DIN 916 Sin Cabeza 12 x 1,75 x 60 12.9"
GA12X70,allen,12,1.75,70,12.9,metrico,1733.4,trusoni,"TORNILLO ALLEN SIN CABEZA 12.9 DIN 916 Sin Cabeza 12 x 1,75 x 70 12.9"
GA14X16,allen,14,2.00,16,12.9,metrico,481.5,trusoni,"TORNILLO ALLEN SIN CABEZA 12.9 DIN 916 Sin Cabeza 14 x 2,00 x 16 12.9"
GA14X20,allen,14,2.00,20,12.9,metrico,535.0,trusoni,"TORNILLO ALLEN SIN CABEZA 12.9 DIN 916 Sin Cabeza 14 x 2,00 x 20 12.9"
GA14X25,allen,14,2.00,25,12.9,metrico,936.25,trusoni,"TORNILLO ALLEN SIN CABEZA 12.9 DIN 916 Sin Cabeza 14 x 2,00 x 25 12.9"
GA14X30,allen,14,2.00,30,12.9,metrico,1096.75,trusoni,"TORNILLO ALLEN SIN CABEZA 12.9 DIN 916 Sin Cabeza 14 x 2,00 x 30 12.9"
GA14X35,allen,14,2.00,35,12.9,metrico,1230.5,trusoni,"TORNILLO ALLEN SIN CABEZA 12.9 DIN 916 Sin Cabeza 14 x 2,00 x 35 12.9"
GA14X40,allen,14,2.00,40,12.9,metrico,1337.5,trusoni,"TORNILLO ALLEN SIN CABEZA 12.9 DIN 916 Sin Cabeza 14 x 2,00 x 40 12.9"
GA14X50,allen,14,2.00,50,12.9,metrico,2140.0,trusoni,"TORNILLO ALLEN SIN CABEZA 12.9 DIN 916 Sin Cabeza 14 x 2,00 x 50 12.9"
GA14X60,allen,14,2.00,60,12.9,metrico,3076.25,trusoni,"TORNILLO ALLEN SIN CABEZA 12.9 DIN 916 Sin Cabeza 14 x 2,00 x 60 12.9"
GA14X70,allen,14,2.00,70,12.9,metrico,4815.0,trusoni,"TORNILLO ALLEN SIN CABEZA 12.9 DIN 916 Sin Cabeza 14 x 2,00 x 70 12.9"
GA16X16,allen,16,2.00,16,12.9,metrico,749.0,trusoni,"TORNILLO ALLEN SIN CABEZA 12.9 DIN 916 Sin Cabeza 16 x 2,00 x 16 12.9"
GA16X20,allen,16,2.00,20,12.9,metrico,802.5,trusoni,"TORNILLO ALLEN SIN CABEZA 12.9 DIN 916 Sin Cabeza 16 x 2,00 x 20 12.9"
GA16X25,allen,16,2.00,25,12.9,metrico,936.25,trusoni,"TORNILLO ALLEN SIN CABEZA 12.9 DIN 916 Sin Cabeza 16 x 2,00 x 25 12.9"
GA16X30,allen,16,2.00,30,12.9,metrico,1016.5,trusoni,"TORNILLO ALLEN SIN CABEZA 12.9 DIN 916 Sin Cabeza 16 x 2,00 x 30 12.9"
GA16X35,allen,16,2.00,35,12.9,metrico,1203.75,trusoni,"TORNILLO ALLEN SIN CABEZA 12.9 DIN 916 Sin Cabeza 16 x 2,00 x 35 12.9"
GA16X40,allen,16,2.00,40,12.9,metrico,1337.5,trusoni,"TORNILLO ALLEN SIN CABEZA 12.9 DIN 916 Sin Cabeza 16 x 2,00 x 40 12.9"
GA16X50,allen,16,2.00,50,12.9,metrico,2140.0,trusoni,"TORNILLO ALLEN SIN CABEZA 12.9 DIN 916 Sin Cabeza 16 x 2,00 x 50 12.9"
GA16X60,allen,16,2.00,60,12.9,metrico,3156.5,trusoni,"TORNILLO ALLEN SIN CABEZA 12.9 DIN 916 Sin Cabeza 16 x 2,00 x 60 12.9"
GA16X70,allen,16,2.00,70,12.9,metrico,3343.75,trusoni,"TORNILLO ALLEN SIN CABEZA 12.9 DIN 916 Sin Cabeza 16 x 2,00 x 70 12.9"
CÓDIGO,allen,,,,12.9,metrico,,trusoni,TORNILLO ALLEN SIN CABEZA 12.9 DIN 916 DESCRIPCIÓN
GA3/16X3/16,allen,3/16,24,3/16,12.9,imperial,43.87,trusoni,TORNILLO ALLEN SIN CABEZA 12.9 DIN 916 Sin Cabeza 3/16 - 24 x 3/16
GA3/16X1/4,allen,3/16,24,1/4,12.9,imperial,46.01,trusoni,TORNILLO ALLEN SIN CABEZA 12.9 DIN 916 Sin Cabeza 3/16 - 24 x 1/4
GA3/16X5/16,allen,3/16,24,5/16,12.9,imperial,49.22,trusoni,TORNILLO ALLEN SIN CABEZA 12.9 DIN 916 Sin Cabeza 3/16 - 24 x 5/16
GA3/16X3/8,allen,3/16,24,3/8,12.9,imperial,55.64,trusoni,TORNILLO ALLEN SIN CABEZA 12.9 DIN 916 Sin Cabeza 3/16 - 24 x 3/8
GA3/16X1/2,allen,3/16,24,1/2,12.9,imperial,69.55,trusoni,TORNILLO ALLEN SIN CABEZA 12.9 DIN 916 Sin Cabeza 3/16 - 24 x 1/2
GA3/16X5/8,allen,3/16,24,5/8,12.9,imperial,78.11,trusoni,TORNILLO ALLEN SIN CABEZA 12.9 DIN 916 Sin Cabeza 3/16 - 24 x 5/8
GA3/16X3/4,allen,3/16,24,3/4,12.9,imperial,115.56,trusoni,TORNILLO ALLEN SIN CABEZA 12.9 DIN 916 Sin Cabeza 3/16 - 24 x 3/4
GA1/4X1/4,allen,1/4,20,1/4,12.9,imperial,47.08,trusoni,TORNILLO ALLEN SIN CABEZA 12.9 DIN 916 Sin Cabeza 1/4 - 20 x 1/4
GA1/4X5/16,allen,1/4,20,5/16,12.9,imperial,51.36,trusoni,TORNILLO ALLEN SIN CABEZA 12.9 DIN 916 Sin Cabeza 1/4 - 20 x 5/16
GA1/4X3/8,allen,1/4,20,3/8,12.9,imperial,55.64,trusoni,TORNILLO ALLEN SIN CABEZA 12.9 DIN 916 Sin Cabeza 1/4 - 20 x 3/8
GA1/4X1/2,allen,1/4,20,1/2,12.9,imperial,58.85,trusoni,TORNILLO ALLEN SIN CABEZA 12.9 DIN 916 Sin Cabeza 1/4 - 20 x 1/2
GA1/4X5/8,allen,1/4,20,5/8,12.9,imperial,81.32,trusoni,TORNILLO ALLEN SIN CABEZA 12.9 DIN 916 Sin Cabeza 1/4 - 20 x 5/8
GA1/4X3/4,allen,1/4,20,3/4,12.9,imperial,96.3,trusoni,TORNILLO ALLEN SIN CABEZA 12.9 DIN 916 Sin Cabeza 1/4 - 20 x 3/4
GA1/4X7/8,allen,1/4,20,7/8,12.9,imperial,125.19,trusoni,TORNILLO ALLEN SIN CABEZA 12.9 DIN 916 Sin Cabeza 1/4 - 20 x 7/8
GA1/4x1,allen,1/4,20,1,12.9,imperial,139.1,trusoni,TORNILLO ALLEN SIN CABEZA 12.9 DIN 916 Sin Cabeza 1/4 - 20 x 1
GA1/4X11/4,allen,1/4,20,11/4,12.9,imperial,202.23,trusoni,TORNILLO ALLEN SIN CABEZA 12.9 DIN 916 Sin Cabeza 1/4 - 20 x 11/4
GA1/4X11/2,allen,1/4,20,11/2,12.9,imperial,288.9,trusoni,TORNILLO ALLEN SIN CABEZA 12.9 DIN 916 Sin Cabeza 1/4 - 20 x 11/2
GA5/16X5/16,allen,5/16,18,5/16,12.9,imperial,75.97,trusoni,TORNILLO ALLEN SIN CABEZA 12.9 DIN 916 Sin Cabeza 5/16 - 18 x 5/16
GA5/16X3/8,allen,5/16,18,3/8,12.9,imperial,78.11,trusoni,TORNILLO ALLEN SIN CABEZA 12.9 DIN 916 Sin Cabeza 5/16 - 18 x 3/8
GA5/16X1/2,allen,5/16,18,1/2,12.9,imperial,98.44,trusoni,TORNILLO ALLEN SIN CABEZA 12.9 DIN 916 Sin Cabeza 5/16 - 18 x 1/2
GA5/16X5/8,allen,5/16,18,5/8,12.9,imperial,113.42,trusoni,TORNILLO ALLEN SIN CABEZA 12.9 DIN 916 Sin Cabeza 5/16 - 18 x 5/8
GA5/16X3/4,allen,5/16,18,3/4,12.9,imperial,133.75,trusoni,TORNILLO ALLEN SIN CABEZA 12.9 DIN 916 Sin Cabeza 5/16 - 18 x 3/4
GA5/16x1,allen,5/16,18,1,12.9,imperial,181.9,trusoni,TORNILLO ALLEN SIN CABEZA 12.9 DIN 916 Sin Cabeza 5/16 - 18 x 1
GA5/16X11/4,allen,5/16,18,11/4,12.9,imperial,346.68,trusoni,TORNILLO ALLEN SIN CABEZA 12.9 DIN 916 Sin Cabeza 5/16 - 18 x 11/4
GA5/16X11/2,allen,5/16,18,11/2,12.9,imperial,577.8,trusoni,TORNILLO ALLEN SIN CABEZA 12.9 DIN 916 Sin Cabeza 5/16 - 18 x 11/2
GA3/8X3/8,allen,3/8,16,3/8,12.9,imperial,107.0,trusoni,TORNILLO ALLEN SIN CABEZA 12.9 DIN 916 Sin Cabeza 3/8 - 16 x 3/8
GA3/8X1/2,allen,3/8,16,1/2,12.9,imperial,121.98,trusoni,TORNILLO ALLEN SIN CABEZA 12.9 DIN 916 Sin Cabeza 3/8 - 16 x 1/2
GA3/8X5/8,allen,3/8,16,5/8,12.9,imperial,154.08,trusoni,TORNILLO ALLEN SIN CABEZA 12.9 DIN 916 Sin Cabeza 3/8 - 16 x 5/8
GA3/8X3/4,allen,3/8,16,3/4,12.9,imperial,184.04,trusoni,TORNILLO ALLEN SIN CABEZA 12.9 DIN 916 Sin Cabeza 3/8 - 16 x 3/4
GA3/8x1,allen,3/8,16,1,12.9,imperial,234.33,trusoni,TORNILLO ALLEN SIN CABEZA 12.9 DIN 916 Sin Cabeza 3/8 - 16 x 1
GA3/8X11/4,allen,3/8,16,11/4,12.9,imperial,375.57,trusoni,TORNILLO ALLEN SIN CABEZA 12.9 DIN 916 Sin Cabeza 3/8 - 16 x 11/4
GA3/8X11/2,allen,3/8,16,11/2,12.9,imperial,462.24,trusoni,TORNILLO ALLEN SIN CABEZA 12.9 DIN 916 Sin Cabeza 3/8 - 16 x 11/2
GA3/8x2,allen,3/8,16,2,12.9,imperial,805.71,trusoni,TORNILLO ALLEN SIN CABEZA 12.9 DIN 916 Sin Cabeza 3/8 - 16 x 2
GA3/8X21/2,allen,3/8,16,21/2,12.9,imperial,1043.25,trusoni,TORNILLO ALLEN SIN CABEZA 12.9 DIN 916 Sin Cabeza 3/8 - 16 x 21/2
GA3/8x3,allen,3/8,16,3,12.9,imperial,1588.95,trusoni,TORNILLO ALLEN SIN CABEZA 12.9 DIN 916 Sin Cabeza 3/8 - 16 x 3
GA1/2X1/2,allen,1/2,12,1/2,12.9,imperial,267.5,trusoni,TORNILLO ALLEN SIN CABEZA 12.9 DIN 916 Sin Cabeza 1/2 - 12 x 1/2 wht
GA1/2X5/8,allen,1/2,12,5/8,12.9,imperial,347.75,trusoni,TORNILLO ALLEN SIN CABEZA 12.9 DIN 916 Sin Cabeza 1/2 - 12 x 5/8
GA1/2X3/4,allen,1/2,12,3/4,12.9,imperial,422.65,trusoni,TORNILLO ALLEN SIN CABEZA 12.9 DIN 916 Sin Cabeza 1/2 - 12 x 3/4
GA1/2x1,allen,1/2,12,1,12.9,imperial,454.75,trusoni,TORNILLO ALLEN SIN CABEZA 12.9 DIN 916 Sin Cabeza 1/2 - 12 x 1
GA1/2X11/4,allen,1/2,12,11/4,12.9,imperial,802.5,trusoni,TORNILLO ALLEN SIN CABEZA 12.9 DIN 916 Sin Cabeza 1/2 - 12 x 11/4
GA1/2X11/2,allen,1/2,12,11/2,12.9,imperial,936.25,trusoni,TORNILLO ALLEN SIN CABEZA 12.9 DIN 916 Sin Cabeza 1/2 - 12 x 11/2
GA1/2x2,allen,1/2,12,2,12.9,imperial,1203.75,trusoni,TORNILLO ALLEN SIN CABEZA 12.9 DIN 916 Sin Cabeza 1/2 - 12 x 2
GA1/2X21/2,allen,1/2,12,21/2,12.9,imperial,1738.75,trusoni,TORNILLO ALLEN SIN CABEZA 12.9 DIN 916 Sin Cabeza 1/2 - 12 x 21/2
GA1/2x3,allen,1/2,12,3,12.9,imperial,1872.5,trusoni,TORNILLO ALLEN SIN CABEZA 12.9 DIN 916 Sin Cabeza 1/2 - 12 x 3
GANC1/2X5/8,allen,1/2,13,5/8,12.9,imperial,347.75,trusoni,TORNILLO ALLEN SIN CABEZA 12.9 DIN 916 Sin Cabeza 1/2 - 13 x 5/8
GANC1/2X11/2,allen,1/2,13,11/2,12.9,imperial,936.25,trusoni,TORNILLO ALLEN SIN CABEZA 12.9 DIN 916 Sin Cabeza 1/2 - 13 x 11/2
GANC1/2X21/2,allen,1/2,13,21/2,12.9,imperial,1738.75,trusoni,TORNILLO ALLEN SIN CABEZA 12.9 DIN 916 Sin Cabeza 1/2 - 13 x 21/2
GA5/8X5/8,allen,5/8,11,5/8,12.9,imperial,695.5,trusoni,TORNILLO ALLEN SIN CABEZA 12.9 DIN 916 Sin Cabeza 5/8 - 11 x 5/8
GA5/8X3/4,allen,5/8,11,3/4,12.9,imperial,829.25,trusoni,TORNILLO ALLEN SIN CABEZA 12.9 DIN 916 Sin Cabeza 5/8 - 11 x 3/4
GA5/8x1,allen,5/8,11,1,12.9,imperial,936.25,trusoni,TORNILLO ALLEN SIN CABEZA 12.9 DIN 916 Sin Cabeza 5/8 - 11 x 1
GA5/8X11/4,allen,5/8,11,11/4,12.9,imperial,1150.25,trusoni,TORNILLO ALLEN SIN CABEZA 12.9 DIN 916 Sin Cabeza 5/8 - 11 x 11/4
GA5/8X11/2,allen,5/8,11,11/2,12.9,imperial,1230.5,trusoni,TORNILLO ALLEN SIN CABEZA 12.9 DIN 916 Sin Cabeza 5/8 - 11 x 11/2
GA5/8x2,allen,5/8,11,2,12.9,imperial,2835.5,trusoni,TORNILLO ALLEN SIN CABEZA 12.9 DIN 916 Sin Cabeza 5/8 - 11 x 2
GA5/8X21/2,allen,5/8,11,21/2,12.9,imperial,3236.75,trusoni,TORNILLO ALLEN SIN CABEZA 12.9 DIN 916 Sin Cabeza 5/8 - 11 x 21/2
GA5/8x3,allen,5/8,11,3,12.9,imperial,4306.75,trusoni,TORNILLO ALLEN SIN CABEZA 12.9 DIN 916 Sin Cabeza 5/8 - 11 x 3
AB3X6,allen,3,0.50,6,10.9,metrico,69.55,trusoni,"TORNILLO ALLEN CAB. BOTÓN CALIDAD 10.9 ISO 7380 Botón 3 x 0,50 x 6 10.9"
AB3X8,allen,3,0.50,8,10.9,metrico,81.32,trusoni,"TORNILLO ALLEN CAB. BOTÓN CALIDAD 10.9 ISO 7380 Botón 3 x 0,50 x 8 10.9"
AB3X10,allen,3,0.50,10,10.9,metrico,86.67,trusoni,"TORNILLO ALLEN CAB. BOTÓN CALIDAD 10.9 ISO 7380 Botón 3 x 0,50 x 10 10.9"
AB3X12,allen,3,0.50,12,10.9,metrico,93.09,trusoni,"TORNILLO ALLEN CAB. BOTÓN CALIDAD 10.9 ISO 7380 Botón 3 x 0,50 x 12 10.9"
AB3X16,allen,3,0.50,16,10.9,metrico,104.86,trusoni,"TORNILLO ALLEN CAB. BOTÓN CALIDAD 10.9 ISO 7380 Botón 3 x 0,50 x 16 10.9"
AB3X20,allen,3,0.50,20,10.9,metrico,110.21,trusoni,"TORNILLO ALLEN CAB. BOTÓN CALIDAD 10.9 ISO 7380 Botón 3 x 0,50 x 20 10.9"
AB3X25,allen,3,0.50,25,10.9,metrico,130.54,trusoni,"TORNILLO ALLEN CAB. BOTÓN CALIDAD 10.9 ISO 7380 Botón 3 x 0,50 x 25 10.9"
AB4X8,allen,4,0.70,8,10.9,metrico,40.66,trusoni,"TORNILLO ALLEN CAB. BOTÓN CALIDAD 10.9 ISO 7380 Botón 4 x 0,70 x 8 10.9"
AB4X10,allen,4,0.70,10,10.9,metrico,47.08,trusoni,"TORNILLO ALLEN CAB. BOTÓN CALIDAD 10.9 ISO 7380 Botón 4 x 0,70 x 10 10.9"
AB4X12,allen,4,0.70,12,10.9,metrico,52.43,trusoni,"TORNILLO ALLEN CAB. BOTÓN CALIDAD 10.9 ISO 7380 Botón 4 x 0,70 x 12 10.9"
AB4X16,allen,4,0.70,16,10.9,metrico,55.64,trusoni,"TORNILLO ALLEN CAB. BOTÓN CALIDAD 10.9 ISO 7380 Botón 4 x 0,70 x 16 10.9"
AB4X20,allen,4,0.70,20,10.9,metrico,60.99,trusoni,"TORNILLO ALLEN CAB. BOTÓN CALIDAD 10.9 ISO 7380 Botón 4 x 0,70 x 20 10.9"
AB4X25,allen,4,0.70,25,10.9,metrico,69.55,trusoni,"TORNILLO ALLEN CAB. BOTÓN CALIDAD 10.9 ISO 7380 Botón 4 x 0,70 x 25 10.9"
AB4X30,allen,4,0.70,30,10.9,metrico,78.11,trusoni,"TORNILLO ALLEN CAB. BOTÓN CALIDAD 10.9 ISO 7380 Botón 4 x 0,70 x 30 10.9"
AB4X40,allen,4,0.70,40,10.9,metrico,130.54,trusoni,"TORNILLO ALLEN CAB. BOTÓN CALIDAD 10.9 ISO 7380 Botón 4 x 0,70 x 40 10.9"
AB4x50,allen,4,0.70,50,10.9,metrico,149.8,trusoni,"TORNILLO ALLEN CAB. BOTÓN CALIDAD 10.9 ISO 7380 Botón 4 x 0,70 x 50 10.9"
AB5X6,allen,5,0.80,6,10.9,metrico,49.22,trusoni,"TORNILLO ALLEN CAB. BOTÓN CALIDAD 10.9 ISO 7380 Botón 5 x 0,80 x 6 10.9"
AB5X10,allen,5,0.80,10,10.9,metrico,52.43,trusoni,"TORNILLO ALLEN CAB. BOTÓN CALIDAD 10.9 ISO 7380 Botón 5 x 0,80 x 10 10.9"
AB5X12,allen,5,0.80,12,10.9,metrico,57.78,trusoni,"TORNILLO ALLEN CAB. BOTÓN CALIDAD 10.9 ISO 7380 Botón 5 x 0,80 x 12 10.9"
AB5X16,allen,5,0.80,16,10.9,metrico,64.2,trusoni,"TORNILLO ALLEN CAB. BOTÓN CALIDAD 10.9 ISO 7380 Botón 5 x 0,80 x 16 10.9"
AB5X20,allen,5,0.80,20,10.9,metrico,67.41,trusoni,"TORNILLO ALLEN CAB. BOTÓN CALIDAD 10.9 ISO 7380 Botón 5 x 0,80 x 20 10.9"
AB5X25,allen,5,0.80,25,10.9,metrico,69.55,trusoni,"TORNILLO ALLEN CAB. BOTÓN CALIDAD 10.9 ISO 7380 Botón 5 x 0,80 x 25 10.9"
AB5X30,allen,5,0.80,30,10.9,metrico,78.11,trusoni,"TORNILLO ALLEN CAB. BOTÓN CALIDAD 10.9 ISO 7380 Botón 5 x 0,80 x 30 10.9"
AB5X40,allen,5,0.80,40,10.9,metrico,115.56,trusoni,"TORNILLO ALLEN CAB. BOTÓN CALIDAD 10.9 ISO 7380 Botón 5 x 0,80 x 40 10.9"
AB5X50,allen,5,0.80,50,10.9,metrico,231.12,trusoni,"TORNILLO ALLEN CAB. BOTÓN CALIDAD 10.9 ISO 7380 Botón 5 x 0,80 x 50 10.9"
AB6X10,allen,6,1.00,10,10.9,metrico,64.2,trusoni,"TORNILLO ALLEN CAB. BOTÓN CALIDAD 10.9 ISO 7380 Botón 6 x 1,00 x 10 10.9"
AB6X12,allen,6,1.00,12,10.9,metrico,67.41,trusoni,"TORNILLO ALLEN CAB. BOTÓN CALIDAD 10.9 ISO 7380 Botón 6 x 1,00 x 12 10.9"
AB6X16,allen,6,1.00,16,10.9,metrico,81.32,trusoni,"TORNILLO ALLEN CAB. BOTÓN CALIDAD 10.9 ISO 7380 Botón 6 x 1,00 x 16 10.9"
AB6X20,allen,6,1.00,20,10.9,metrico,93.09,trusoni,"TORNILLO ALLEN CAB. BOTÓN CALIDAD 10.9 ISO 7380 Botón 6 x 1,00 x 20 10.9"
AB6X25,allen,6,1.00,25,10.9,metrico,104.86,trusoni,"TORNILLO ALLEN CAB. BOTÓN CALIDAD 10.9 ISO 7380 Botón 6 x 1,00 x 25 10.9"
AB6X30,allen,6,1.00,30,10.9,metrico,127.33,trusoni,"TORNILLO ALLEN CAB. BOTÓN CALIDAD 10.9 ISO 7380 Botón 6 x 1,00 x 30 10.9"
AB6X40,allen,6,1.00,40,10.9,metrico,197.95,trusoni,"TORNILLO ALLEN CAB. BOTÓN CALIDAD 10.9 ISO 7380 Botón 6 x 1,00 x 40 10.9"
AB6X50,allen,6,1.00,50,10.9,metrico,231.12,trusoni,"TORNILLO ALLEN CAB. BOTÓN CALIDAD 10.9 ISO 7380 Botón 6 x 1,00 x 50 10.9"
AB6X60,allen,6,1.00,60,10.9,metrico,317.79,trusoni,"TORNILLO ALLEN CAB. BOTÓN CALIDAD 10.9 ISO 7380 Botón 6 x 1,00 x 60 10.9"
AB8X12,allen,8,1.25,12,10.9,metrico,144.45,trusoni,"TORNILLO ALLEN CAB. BOTÓN CALIDAD 10.9 ISO 7380 Botón 8 x 1,25 x 12 10.9"
AB8X16,allen,8,1.25,16,10.9,metrico,150.87,trusoni,"TORNILLO ALLEN CAB. BOTÓN CALIDAD 10.9 ISO 7380 Botón 8 x 1,25 x 16 10.9"
AB8X20,allen,8,1.25,20,10.9,metrico,153.01,trusoni,"TORNILLO ALLEN CAB. BOTÓN CALIDAD 10.9 ISO 7380 Botón 8 x 1,25 x 20 10.9"
AB8X25,allen,8,1.25,25,10.9,metrico,181.9,trusoni,"TORNILLO ALLEN CAB. BOTÓN CALIDAD 10.9 ISO 7380 Botón 8 x 1,25 x 25 10.9"
AB8X30,allen,8,1.25,30,10.9,metrico,228.98,trusoni,"TORNILLO ALLEN CAB. BOTÓN CALIDAD 10.9 ISO 7380 Botón 8 x 1,25 x 30 10.9"
AB8X40,allen,8,1.25,40,10.9,metrico,288.9,trusoni,"TORNILLO ALLEN CAB. BOTÓN CALIDAD 10.9 ISO 7380 Botón 8 x 1,25 x 40 10.9"
AB8X50,allen,8,1.25,50,10.9,metrico,375.57,trusoni,"TORNILLO ALLEN CAB. BOTÓN CALIDAD 10.9 ISO 7380 Botón 8 x 1,25 x 50 10.9"
AB8X60,allen,8,1.25,60,10.9,metrico,606.69,trusoni,"TORNILLO ALLEN CAB. BOTÓN CALIDAD 10.9 ISO 7380 Botón 8 x 1,25 x 60 10.9"
AB8X70,allen,8,1.25,70,10.9,metrico,664.47,trusoni,"TORNILLO ALLEN CAB. BOTÓN CALIDAD 10.9 ISO 7380 Botón 8 x 1,25 x 70 10.9"
AB8X80,allen,8,1.25,80,10.9,metrico,751.14,trusoni,"TORNILLO ALLEN CAB. BOTÓN CALIDAD 10.9 ISO 7380 Botón 8 x 1,25 x 80 10.9"
AB10X20,allen,10,1.50,20,10.9,metrico,286.76,trusoni,"TORNILLO ALLEN CAB. BOTÓN CALIDAD 10.9 ISO 7380 Botón 10 x 1,50 x 20 10.9"
AB10X25,allen,10,1.50,25,10.9,metrico,317.79,trusoni,"TORNILLO ALLEN CAB. BOTÓN CALIDAD 10.9 ISO 7380 Botón 10 x 1,50 x 25 10.9"
AB10X30,allen,10,1.50,30,10.9,metrico,346.68,trusoni,"TORNILLO ALLEN CAB. BOTÓN CALIDAD 10.9 ISO 7380 Botón 10 x 1,50 x 30 10.9"
AB10X35,allen,10,1.50,35,10.9,metrico,375.57,trusoni,"TORNILLO ALLEN CAB. BOTÓN CALIDAD 10.9 ISO 7380 Botón 10 x 1,50 x 35 10.9"
AB10X40,allen,10,1.50,40,10.9,metrico,404.46,trusoni,"TORNILLO ALLEN CAB. BOTÓN CALIDAD 10.9 ISO 7380 Botón 10 x 1,50 x 40 10.9"
AB10X45,allen,10,1.50,45,10.9,metrico,448.33,trusoni,"TORNILLO ALLEN CAB. BOTÓN CALIDAD 10.9 ISO 7380 Botón 10 x 1,50 x 45 10.9"
AB10X50,allen,10,1.50,50,10.9,metrico,491.13,trusoni,"TORNILLO ALLEN CAB. BOTÓN CALIDAD 10.9 ISO 7380 Botón 10 x 1,50 x 50 10.9"
AB10X60,allen,10,1.50,60,10.9,metrico,736.16,trusoni,"TORNILLO ALLEN CAB. BOTÓN CALIDAD 10.9 ISO 7380 Botón 10 x 1,50 x 60 10.9"
AB10X70,allen,10,1.50,70,10.9,metrico,856.0,trusoni,"TORNILLO ALLEN CAB. BOTÓN CALIDAD 10.9 ISO 7380 Botón 10 x 1,50 x 70 10.9"
AB10X80,allen,10,1.50,80,10.9,metrico,944.275,trusoni,"TORNILLO ALLEN CAB. BOTÓN CALIDAD 10.9 ISO 7380 Botón 10 x 1,50 x 80 10.9"
AB12X20,allen,12,1.75,20,10.9,metrico,462.24,trusoni,"TORNILLO ALLEN CAB. BOTÓN CALIDAD 10.9 ISO 7380 Botón 12 x 1,75 x 20 10.9"
AB12X25,allen,12,1.75,25,10.9,metrico,508.25,trusoni,"TORNILLO ALLEN CAB. BOTÓN CALIDAD 10.9 ISO 7380 Botón 12 x 1,75 x 25 10.9"
AB12X30,allen,12,1.75,30,10.9,metrico,572.45,trusoni,"TORNILLO ALLEN CAB. BOTÓN CALIDAD 10.9 ISO 7380 Botón 12 x 1,75 x 30 10.9"
AB12X35,allen,12,1.75,35,10.9,metrico,620.6,trusoni,"TORNILLO ALLEN CAB. BOTÓN CALIDAD 10.9 ISO 7380 Botón 12 x 1,75 x 35 10.9"
AB12X40,allen,12,1.75,40,10.9,metrico,668.75,trusoni,"TORNILLO ALLEN CAB. BOTÓN CALIDAD 10.9 ISO 7380 Botón 12 x 1,75 x 40 10.9"
AB12X45,allen,12,1.75,45,10.9,metrico,759.7,trusoni,"TORNILLO ALLEN CAB. BOTÓN CALIDAD 10.9 ISO 7380 Botón 12 x 1,75 x 45 10.9"
AB12X50,allen,12,1.75,50,10.9,metrico,982.26,trusoni,"TORNILLO ALLEN CAB. BOTÓN CALIDAD 10.9 ISO 7380 Botón 12 x 1,75 x 50 10.9"
AB12X60,allen,12,1.75,60,10.9,metrico,1126.71,trusoni,"TORNILLO ALLEN CAB. BOTÓN CALIDAD 10.9 ISO 7380 Botón 12 x 1,75 x 60 10.9"
AB12X70,allen,12,1.75,70,10.9,metrico,1328.94,trusoni,"TORNILLO ALLEN CAB. BOTÓN CALIDAD 10.9 ISO 7380 Botón 12 x 1,75 x 70 10.9"
AB12X80,allen,12,1.75,80,10.9,metrico,1502.28,trusoni,"TORNILLO ALLEN CAB. BOTÓN CALIDAD 10.9 ISO 7380 Botón 12 x 1,75 x 80 10.9"
CÓDIGO,allen,,,,10.9,metrico,,trusoni,TORNILLO ALLEN CAB. BOTÓN CALIDAD 10.9 ISO 7380 DESCRIPCIÓN
AB3/16X1/2,allen,3/16,24,1/2,10.9,imperial,55.64,trusoni,TORNILLO ALLEN CAB. BOTÓN CALIDAD 10.9 ISO 7380 Botón 3/16 - 24 x 1/2
AB3/16X5/8,allen,3/16,24,5/8,10.9,imperial,67.41,trusoni,TORNILLO ALLEN CAB. BOTÓN CALIDAD 10.9 ISO 7380 Botón 3/16 - 24 x 5/8
AB3/16X3/4,allen,3/16,24,3/4,10.9,imperial,69.55,trusoni,TORNILLO ALLEN CAB. BOTÓN CALIDAD 10.9 ISO 7380 Botón 3/16 - 24 x 3/4
AB3/16X1 ,allen,3/16,24,1,10.9,imperial,93.09,trusoni,TORNILLO ALLEN CAB. BOTÓN CALIDAD 10.9 ISO 7380 Botón 3/16 - 24 x 1
AB1/4X3/8,allen,1/4,20,3/8,10.9,imperial,80.25,trusoni,TORNILLO ALLEN CAB. BOTÓN CALIDAD 10.9 ISO 7380 Botón 1/4 - 20 x 3/8
AB1/4X1/2,allen,1/4,20,1/2,10.9,imperial,81.32,trusoni,TORNILLO ALLEN CAB. BOTÓN CALIDAD 10.9 ISO 7380 Botón 1/4 - 20 x 1/2
AB1/4X5/8,allen,1/4,20,5/8,10.9,imperial,98.44,trusoni,TORNILLO ALLEN CAB. BOTÓN CALIDAD 10.9 ISO 7380 Botón 1/4 - 20 x 5/8
AB1/4X3/4,allen,1/4,20,3/4,10.9,imperial,107.0,trusoni,TORNILLO ALLEN CAB. BOTÓN CALIDAD 10.9 ISO 7380 Botón 1/4 - 20 x 3/4
AB1/4X1 ,allen,1/4,20,1,10.9,imperial,127.33,trusoni,TORNILLO ALLEN CAB. BOTÓN CALIDAD 10.9 ISO 7380 Botón 1/4 - 20 x 1
AB5/16X1/2,allen,5/16,18,1/2,10.9,imperial,162.64,trusoni,TORNILLO ALLEN CAB. BOTÓN CALIDAD 10.9 ISO 7380 Botón 5/16 - 18 x 1/2
AB5/16X5/8,allen,5/16,18,5/8,10.9,imperial,164.78,trusoni,TORNILLO ALLEN CAB. BOTÓN CALIDAD 10.9 ISO 7380 Botón 5/16 - 18 x 5/8
AB5/16X3/4,allen,5/16,18,3/4,10.9,imperial,181.9,trusoni,TORNILLO ALLEN CAB. BOTÓN CALIDAD 10.9 ISO 7380 Botón 5/16 - 18 x 3/4
AB5/16X1 ,allen,5/16,18,1,10.9,imperial,214.0,trusoni,TORNILLO ALLEN CAB. BOTÓN CALIDAD 10.9 ISO 7380 Botón 5/16 - 18 x 1
AB1/2x11/4,allen,1/2,13,11/4,10.9,imperial,668.75,trusoni,TORNILLO ALLEN CAB. BOTÓN CALIDAD 10.9 ISO 7380 Botón 1/2 - 13 x 11/4
AB1/2x11/2,allen,1/2,13,11/2,10.9,imperial,802.5,trusoni,TORNILLO ALLEN CAB. BOTÓN CALIDAD 10.9 ISO 7380 Botón 1/2 - 13 x 11/2
ACNF1/4X23/4,allen,1/4,28,23/4,12.9,imperial,625.95,trusoni,TORNILLO ALLEN CAB. CILINDRICA CALIDAD 12.9 NF Y MB Cil. 1/4 - 28 x 23/4
ACNF5/8X11/2,allen,5/8,18,11/2,12.9,imperial,2696.4,trusoni,TORNILLO ALLEN CAB. CILINDRICA CALIDAD 12.9 NF Y MB Cil. 5/8 - 18 x 11/2
ACNF5/8X3,allen,5/8,18,3,12.9,imperial,4112.01,trusoni,TORNILLO ALLEN CAB. CILINDRICA CALIDAD 12.9 NF Y MB Cil. 5/8 - 18 x 3
CÓDIGO,allen,,,,12.9,metrico,,trusoni,TORNILLO ALLEN CAB. CILINDRICA CALIDAD 12.9 NF Y MB DESCRIPCIÓN
AC8X1X20,allen,8,1.00,20,12.9,metrico,353.1,trusoni,"TORNILLO ALLEN CAB. CILINDRICA CALIDAD 12.9 NF Y MB Cil. 8 x 1,00 x 20 MB"
AC8X1X30,allen,8,1.00,30,12.9,metrico,475.08,trusoni,"TORNILLO ALLEN CAB. CILINDRICA CALIDAD 12.9 NF Y MB Cil. 8 x 1,00 x 30 MB"
AC8X1X40,allen,8,1.00,40,12.9,metrico,588.5,trusoni,"TORNILLO ALLEN CAB. CILINDRICA CALIDAD 12.9 NF Y MB Cil. 8 x 1,00 x 40 MB"
"AC10x1,00x20",allen,8,1.00,20,12.9,metrico,614.18,trusoni,"TORNILLO ALLEN CAB. CILINDRICA CALIDAD 12.9 NF Y MB Cil 8 x 1,00 x 20 MB"
"AC10x1,00x30",allen,8,1.00,30,12.9,metrico,875.26,trusoni,"TORNILLO ALLEN CAB. CILINDRICA CALIDAD 12.9 NF Y MB Cil 8 x 1,00 x 30 MB"
"AC10x1,00x50",allen,8,1.00,50,12.9,metrico,971.56,trusoni,"TORNILLO ALLEN CAB. CILINDRICA CALIDAD 12.9 NF Y MB Cil 8 x 1,00 x 50 MB"
"AC10x1,00x60",allen,8,1.00,60,12.9,metrico,1097.82,trusoni,"TORNILLO ALLEN CAB. CILINDRICA CALIDAD 12.9 NF Y MB Cil 8 x 1,00 x 60 MB"
"AC10X1,25X30",allen,10,1.25,30,12.9,metrico,659.12,trusoni,"TORNILLO ALLEN CAB. CILINDRICA CALIDAD 12.9 NF Y MB Cil. 10 x 1,25 x 30 MB"
"AC10X1,25X40",allen,10,1.25,40,12.9,metrico,875.26,trusoni,"TORNILLO ALLEN CAB. CILINDRICA CALIDAD 12.9 NF Y MB Cil. 10 x 1,25 x 40 MB"
"AC10X1,25X60",allen,10,1.25,60,12.9,metrico,1097.82,trusoni,"TORNILLO ALLEN CAB. CILINDRICA CALIDAD 12.9 NF Y MB Cil. 10 x 1,25 x 60 MB"
"AC10x1,25x80",allen,10,1.25,80,12.9,metrico,1664.92,trusoni,"TORNILLO ALLEN CAB. CILINDRICA CALIDAD 12.9 NF Y MB Cil. 10 x 1,25 x 80 MB"
"AC12X1,50X20",allen,12,1.50,20,12.9,metrico,905.22,trusoni,"TORNILLO ALLEN CAB. CILINDRICA CALIDAD 12.9 NF Y MB Cil. 12 x 1,50 x 20 MB"
"AC12x1,50x30",allen,12,1.50,30,12.9,metrico,1016.5,trusoni,"TORNILLO ALLEN CAB. CILINDRICA CALIDAD 12.9 NF Y MB Cil. 12 x 1,50 x 30 MB"
"AC12X1,50X45",allen,12,1.50,45,12.9,metrico,1262.6,trusoni,"TORNILLO ALLEN CAB. CILINDRICA CALIDAD 12.9 NF Y MB Cil. 12 x 1,50 x 45 MB"
"AC12X1,50X60",allen,12,1.50,60,12.9,metrico,1615.7,trusoni,"TORNILLO ALLEN CAB. CILINDRICA CALIDAD 12.9 NF Y MB Cil. 12 x 1,50 x 60 MB"
"AC12X1,50X80",allen,12,1.50,80,12.9,metrico,1964.52,trusoni,"TORNILLO ALLEN CAB. CILINDRICA CALIDAD 12.9 NF Y MB Cil. 12 x 1,50 x 80 MB"
"AC14x1,50x60",allen,14,1.50,60,12.9,metrico,2831.22,trusoni,"TORNILLO ALLEN CAB. CILINDRICA CALIDAD 12.9 NF Y MB Cil. 14 x 1,50 x 60 MB"
"AC14x1,50x90",allen,14,1.50,90,12.9,metrico,3426.14,trusoni,"TORNILLO ALLEN CAB. CILINDRICA CALIDAD 12.9 NF Y MB Cil. 14 x 1,50 x 90 MB"
"AC16x1,50x60",allen,16,1.50,60,12.9,metrico,3338.4,trusoni,"TORNILLO ALLEN CAB. CILINDRICA CALIDAD 12.9 NF Y MB Cil. 16 x 1,50 x 60 MB"
"AC16x1,50x70",allen,16,1.50,70,12.9,metrico,3924.76,trusoni,"TORNILLO ALLEN CAB. CILINDRICA CALIDAD 12.9 NF Y MB Cil. 16 x 1,50 x 70 MB"
ACTR4X60,allen,4,0.70,60,12.9,metrico,234.33,trusoni,"TORNILLO ALLEN CAB. CILINDRICA CALIDAD 12.9 TODO ROSCA Cil. 4 x 0,70 x 60 Todo Rosca"
ACTR5X80,allen,5,0.80,80,12.9,metrico,494.34,trusoni,"TORNILLO ALLEN CAB. CILINDRICA CALIDAD 12.9 TODO ROSCA Cil. 5 x 0,80 x 80 Todo Rosca"
ACTR6X50,allen,6,1.00,50,12.9,metrico,282.48,trusoni,"TORNILLO ALLEN CAB. CILINDRICA CALIDAD 12.9 TODO ROSCA Cil. 6 x 1,00 x 50 Todo Rosca"
ACTR6X90,allen,6,1.00,90,12.9,metrico,695.5,trusoni,"TORNILLO ALLEN CAB. CILINDRICA CALIDAD 12.9 TODO ROSCA Cil. 6 x 1,00 x 90 Todo Rosca"
ACTR8X40,allen,8,1.25,40,12.9,metrico,441.375,trusoni,"TORNILLO ALLEN CAB. CILINDRICA CALIDAD 12.9 TODO ROSCA Cil 8 x 1,25 x 40 Todo Rosca"
ACTR8X60,allen,8,1.25,60,12.9,metrico,624.345,trusoni,"TORNILLO ALLEN CAB. CILINDRICA CALIDAD 12.9 TODO ROSCA Cil. 8 x 1,25 x 60 Todo Rosca"
ACTR8X100,allen,8,1.25,100,12.9,metrico,1193.05,trusoni,"TORNILLO ALLEN CAB. CILINDRICA CALIDAD 12.9 TODO ROSCA Cil. 8 x 1,25 x 100 Todo Rosca"
ACTR10X50,allen,10,1.50,50,12.9,metrico,728.67,trusoni,"TORNILLO ALLEN CAB. CILINDRICA CALIDAD 12.9 TODO ROSCA Cil. 10 x 1,50 x 50 Todo Rosca"
ACTR10X90,allen,10,1.50,90,12.9,metrico,1386.72,trusoni,"TORNILLO ALLEN CAB. CILINDRICA CALIDAD 12.9 TODO ROSCA Cil. 10 x 1,50 x 90 Todo Rosca"
ACTR12X60,allen,12,1.75,60,12.9,metrico,1211.775,trusoni,"TORNILLO ALLEN CAB. CILINDRICA CALIDAD 12.9 TODO ROSCA Cil. 12 x 1,75 x 60 Todo Rosca"
